Workbook
Name OLE_LINK1: 'PASTE - Match 2'!$L$3

Sheet PASTE - Match 2
E1: =IF(C3="Employment_1","07/2021 to present",IF(C3="Employment_2","04/2020 to 06/2021",IF(C3="Employment_3","08/2018 to 03/2020",IF(C3="Employment_4","06/2017 to 07/2018",IF(C3="Employment_5","08/2016 to 06/2017",""))))) | L1: STEP ONE: Declare City | O1: Denver, CO | T1: Form 1 | U1: Form 2 | W1: New | X1: Old
A2: ID | B2: Static | C2: Emp (LU) | D2: Emp (Descriptions) | E2: Years | F2: Education | G2: Certifications | H2: Skills | I2: References | L2: STEP TWO: Paste from Word Document into I3 below | P2: =Q2/12 -> 1.8333333 | Q2: 22 | R2: 1 | S2: 2 | T2: 2021-2023 | U2: 2021-2023 | V2: 2 | W2: =R2 -> 1 | X2: 1 | Y2: 20 | Z2: =Y2/12 -> 1.6666667
A3: =B3&C3&F3&G3&H3&I3 -> Name | B3: Name | C3: ="" | E3: =IF(C3="Employment_1","September 2021 - Present",IF(C3="Employment_2","July 2020 - August 2021",IF(C3="Employment_3","April 2019 - June 2020",IF(C3="Employment_4","August 2017 - March 2019",IF(C3="Employment_5","October 2016 - July 2017",""))))) | I3: =IF(L3="References available on request.","References","") | L3: Male Name 2 | P3: =Q3/12 -> 1.1666667 | Q3: 14 | R3: 2 | S3: 1 | T3: 2020-2021 | U3: 2020-2021 | V3: 1 | W3: =R5 -> 4 | X3: 3 | Y3: =Q5 -> 13 | Z3: =Y3/12 -> 1.0833333
A4: =B4&C4&F4&G4&H4&I4 -> Location | B4: Location | C4: ="" | E4: =IF(C4="Employment_1","September 2021 - Present",IF(C4="Employment_2","July 2020 - August 2021",IF(C4="Employment_3","April 2019 - June 2020",IF(C4="Employment_4","August 2017 - March 2019",IF(C4="Employment_5","October 2016 - July 2017",""))))) | G4: =IF(L3="Certifications","Certification","") | I4: =IF(L4="References available on request.","References","") | L4: City, State | P4: =Q4/12 -> 1.5833333 | Q4: 19 | R4: 3 | S4: 2 | T4: 2018-2020 | U4: 2019-2020 | V4: 1 | W4: =R3 -> 2 | X4: 4 | Y4: =Q3 -> 14 | Z4: =Y4/12 -> 1.1666667
A5: =B5&C5&F5&G5&H5&I5 -> Phone | B5: Phone | C5: ="" | E5: =IF(C5="Employment_1","September 2021 - Present",IF(C5="Employment_2","July 2020 - August 2021",IF(C5="Employment_3","April 2019 - June 2020",IF(C5="Employment_4","August 2017 - March 2019",IF(C5="Employment_5","October 2016 - July 2017",""))))) | F5: =IF(OR(AND(L2="Education",L5="2013-2017"),ISNUMBER(FIND("GED",M5))),"High School",IF(AND(L3="Education",L4="No Post-Secondary"),"Post Secondary",IF(AND(L3="Education",L4="Bachelor's Degree"),"Post Secondary",IF(AND(L3="Education",L4="Associate's Degree"),"Post Secondary","")))) | G5: =IF(L4="Certifications","Certification","") | I5: =IF(L5="References available on request.","References","") | L5: Phone Number 2 | P5: =Q5/12 -> 1.0833333 | Q5: 13 | R5: 4 | S5: 1 | T5: 2017-2018 | U5: 2017-2019 | V5: 2 | W5: =R4 -> 3 | X5: 2 | Y5: =Q4 -> 19 | Z5: =Y5/12 -> 1.5833333
A6: =B6&C6&F6&G6&H6&I6 -> Email | B6: Email | C6: ="" | E6: =IF(C6="Employment_1","September 2021 - Present",IF(C6="Employment_2","July 2020 - August 2021",IF(C6="Employment_3","April 2019 - June 2020",IF(C6="Employment_4","August 2017 - March 2019",IF(C6="Employment_5","October 2016 - July 2017",""))))) | F6: =IF(OR(AND(L3="Education",L6="2013-2017"),ISNUMBER(FIND("GED",M6))),"High School",IF(AND(L4="Education",L5="No Post-Secondary"),"Post Secondary",IF(AND(L4="Education",L5="Bachelor's Degree"),"Post Secondary",IF(AND(L4="Education",L5="Associate's Degree"),"Post Secondary","")))) | G6: =IF(L5="Certifications","Certification","") | I6: =IF(L6="References available on request.","References","") | L6: email | Q6: 10 | Y6: 10
A7: =B7&C7&F7&G7&H7&I7 -> Pronouns | B7: Pronouns | C7: ="" | E7: =IF(C7="Employment_1","September 2021 - Present",IF(C7="Employment_2","July 2020 - August 2021",IF(C7="Employment_3","April 2019 - June 2020",IF(C7="Employment_4","August 2017 - March 2019",IF(C7="Employment_5","October 2016 - July 2017",""))))) | F7: =IF(OR(AND(L4="Education",L7="2013-2017"),ISNUMBER(FIND("GED",M7))),"High School",IF(AND(L5="Education",L6="No Post-Secondary"),"Post Secondary",IF(AND(L5="Education",L6="Bachelor's Degree"),"Post Secondary",IF(AND(L5="Education",L6="Associate's Degree"),"Post Secondary","")))) | G7: =IF(L6="Certifications","Certification","") | I7: =IF(L7="References available on request.","References","") | L7: no pronouns | S7: =22/14 -> 1.5714286 | T7: =S7*80000 -> 125714.29
A8: =B8&C8&F8&G8&H8&I8 | B8: ="" | C8: ="" | E8: =IF(C8="Employment_1","September 2021 - Present",IF(C8="Employment_2","July 2020 - August 2021",IF(C8="Employment_3","April 2019 - June 2020",IF(C8="Employment_4","August 2017 - March 2019",IF(C8="Employment_5","October 2016 - July 2017",""))))) | F8: =IF(OR(AND(L5="Education",L8="2013-2017"),ISNUMBER(FIND("GED",M8))),"High School",IF(AND(L6="Education",L7="No Post-Secondary"),"Post Secondary",IF(AND(L6="Education",L7="Bachelor's Degree"),"Post Secondary",IF(AND(L6="Education",L7="Associate's Degree"),"Post Secondary","")))) | G8: =IF(L7="Certifications","Certification","") | H8: =IF(L7="Skills","Skill_1",IF(L6="Skills","Skill_2",IF(L5="Skills","Skill_3",IF(L4="Skills","Skill_4",IF(L3="Skills","Skill_5",IF(L2="Skills","Skill_6","")))))) | I8: =IF(L8="References available on request.","References","")
A9: =B9&C9&F9&G9&H9&I9 | B9: ="" | C9: ="" | E9: =IF(C9="Employment_1","September 2021 - Present",IF(C9="Employment_2","July 2020 - August 2021",IF(C9="Employment_3","April 2019 - June 2020",IF(C9="Employment_4","August 2017 - March 2019",IF(C9="Employment_5","October 2016 - July 2017",""))))) | F9: =IF(OR(AND(L6="Education",L9="2013-2017"),ISNUMBER(FIND("GED",M9))),"High School",IF(AND(L7="Education",L8="No Post-Secondary"),"Post Secondary",IF(AND(L7="Education",L8="Bachelor's Degree"),"Post Secondary",IF(AND(L7="Education",L8="Associate's Degree"),"Post Secondary","")))) | G9: =IF(L8="Certifications","Certification","") | H9: =IF(L8="Skills","Skill_1",IF(L7="Skills","Skill_2",IF(L6="Skills","Skill_3",IF(L5="Skills","Skill_4",IF(L4="Skills","Skill_5",IF(L3="Skills","Skill_6","")))))) | I9: =IF(L9="References available on request.","References","") | L9: Summary
A10: =B10&C10&F10&G10&H10&I10 -> Summary | B10: Summary | C10: ="" | E10: =IF(C10="Employment_1","September 2021 - Present",IF(C10="Employment_2","July 2020 - August 2021",IF(C10="Employment_3","April 2019 - June 2020",IF(C10="Employment_4","August 2017 - March 2019",IF(C10="Employment_5","October 2016 - July 2017",""))))) | F10: =IF(OR(AND(L7="Education",L10="2013-2017"),ISNUMBER(FIND("GED",M10))),"High School",IF(AND(L8="Education",L9="No Post-Secondary"),"Post Secondary",IF(AND(L8="Education",L9="Bachelor's Degree"),"Post Secondary",IF(AND(L8="Education",L9="Associate's Degree"),"Post Secondary","")))) | G10: =IF(L9="Certifications","Certification","") | H10: =IF(L9="Skills","Skill_1",IF(L8="Skills","Skill_2",IF(L7="Skills","Skill_3",IF(L6="Skills","Skill_4",IF(L5="Skills","Skill_5",IF(L4="Skills","Skill_6","")))))) | I10: =IF(L10="References available on request.","References","")
A11: =B11&C11&F11&G11&H11&I11 | B11: ="" | C11: ="" | E11: =IF(C11="Employment_1","September 2021 - Present",IF(C11="Employment_2","July 2020 - August 2021",IF(C11="Employment_3","April 2019 - June 2020",IF(C11="Employment_4","August 2017 - March 2019",IF(C11="Employment_5","October 2016 - July 2017",""))))) | F11: =IF(OR(AND(L8="Education",L11="2013-2017"),ISNUMBER(FIND("GED",M11))),"High School",IF(AND(L9="Education",L10="No Post-Secondary"),"Post Secondary",IF(AND(L9="Education",L10="Bachelor's Degree"),"Post Secondary",IF(AND(L9="Education",L10="Associate's Degree"),"Post Secondary","")))) | G11: =IF(L10="Certifications","Certification","") | H11: =IF(L10="Skills","Skill_1",IF(L9="Skills","Skill_2",IF(L8="Skills","Skill_3",IF(L7="Skills","Skill_4",IF(L6="Skills","Skill_5",IF(L5="Skills","Skill_6","")))))) | I11: =IF(L11="References available on request.","References","")
A12: =B12&C12&F12&G12&H12&I12 | B12: ="" | C12: ="" | E12: =IF(C12="Employment_1","September 2021 - Present",IF(C12="Employment_2","July 2020 - August 2021",IF(C12="Employment_3","April 2019 - June 2020",IF(C12="Employment_4","August 2017 - March 2019",IF(C12="Employment_5","October 2016 - July 2017",""))))) | F12: =IF(OR(AND(L9="Education",L12="2013-2017"),ISNUMBER(FIND("GED",M12))),"High School",IF(AND(L10="Education",L11="No Post-Secondary"),"Post Secondary",IF(AND(L10="Education",L11="Bachelor's Degree"),"Post Secondary",IF(AND(L10="Education",L11="Associate's Degree"),"Post Secondary","")))) | G12: =IF(L11="Certifications","Certification","") | H12: =IF(L11="Skills","Skill_1",IF(L10="Skills","Skill_2",IF(L9="Skills","Skill_3",IF(L8="Skills","Skill_4",IF(L7="Skills","Skill_5",IF(L6="Skills","Skill_6","")))))) | I12: =IF(L12="References available on request.","References","") | L12: Education
A13: =B13&C13&F13&G13&H13&I13 | B13: ="" | E13: =IF(C13="Employment_1","September 2021 - Present",IF(C13="Employment_2","July 2020 - August 2021",IF(C13="Employment_3","April 2019 - June 2020",IF(C13="Employment_4","August 2017 - March 2019",IF(C13="Employment_5","October 2016 - July 2017",""))))) | F13: =IF(OR(AND(L10="Education",L13="2013-2017"),ISNUMBER(FIND("GED",M13))),"High School",IF(AND(L11="Education",L12="No Post-Secondary"),"Post Secondary",IF(AND(L11="Education",L12="Bachelor's Degree"),"Post Secondary",IF(AND(L11="Education",L12="Associate's Degree"),"Post Secondary","")))) | G13: =IF(L12="Certifications","Certification","") | H13: =IF(L12="Skills","Skill_1",IF(L11="Skills","Skill_2",IF(L10="Skills","Skill_3",IF(L9="Skills","Skill_4",IF(L8="Skills","Skill_5",IF(L7="Skills","Skill_6","")))))) | I13: =IF(L13="References available on request.","References","") | L13: Bachelor's Degree
A14: =B14&C14&F14&G14&H14&I14 -> Post Secondary | B14: ="" | E14: =IF(C14="Employment_1","September 2021 - Present",IF(C14="Employment_2","July 2020 - August 2021",IF(C14="Employment_3","April 2019 - June 2020",IF(C14="Employment_4","August 2017 - March 2019",IF(C14="Employment_5","October 2016 - July 2017",""))))) | F14: =IF(OR(AND(L11="Education",L14="2013-2017"),ISNUMBER(FIND("GED",M14))),"High School",IF(AND(L12="Education",L13="No Post-Secondary"),"Post Secondary",IF(AND(L12="Education",L13="Bachelor's Degree"),"Post Secondary",IF(AND(L12="Education",L13="Associate's Degree"),"Post Secondary","")))) -> Post Secondary | G14: =IF(L13="Certifications","Certification","") | H14: =IF(L13="Skills","Skill_1",IF(L12="Skills","Skill_2",IF(L11="Skills","Skill_3",IF(L10="Skills","Skill_4",IF(L9="Skills","Skill_5",IF(L8="Skills","Skill_6","")))))) | I14: =IF(L14="References available on request.","References","") | L14: 2018-2022 | M14: Psychology | N14: University A
A15: =B15&C15&F15&G15&H15&I15 -> High School | B15: ="" | E15: =IF(C15="Employment_1","September 2021 - Present",IF(C15="Employment_2","July 2020 - August 2021",IF(C15="Employment_3","April 2019 - June 2020",IF(C15="Employment_4","August 2017 - March 2019",IF(C15="Employment_5","October 2016 - July 2017",""))))) | F15: =IF(OR(AND(L12="Education",L15="2013-2017"),ISNUMBER(FIND("GED",M15))),"High School",IF(AND(L13="Education",L14="No Post-Secondary"),"Post Secondary",IF(AND(L13="Education",L14="Bachelor's Degree"),"Post Secondary",IF(AND(L13="Education",L14="Associate's Degree"),"Post Secondary","")))) -> High School | G15: =IF(L14="Certifications","Certification","") | H15: =IF(L14="Skills","Skill_1",IF(L13="Skills","Skill_2",IF(L12="Skills","Skill_3",IF(L11="Skills","Skill_4",IF(L10="Skills","Skill_5",IF(L9="Skills","Skill_6","")))))) | I15: =IF(L15="References available on request.","References","") | L15: 2013-2017 | M15: High School D
A16: =B16&C16&F16&G16&H16&I16 | B16: ="" | E16: =IF(C16="Employment_1","September 2021 - Present",IF(C16="Employment_2","July 2020 - August 2021",IF(C16="Employment_3","April 2019 - June 2020",IF(C16="Employment_4","August 2017 - March 2019",IF(C16="Employment_5","October 2016 - July 2017",""))))) | F16: =IF(OR(AND(L13="Education",L16="2013-2017"),ISNUMBER(FIND("GED",M16))),"High School",IF(AND(L14="Education",L15="No Post-Secondary"),"Post Secondary",IF(AND(L14="Education",L15="Bachelor's Degree"),"Post Secondary",IF(AND(L14="Education",L15="Associate's Degree"),"Post Secondary","")))) | G16: =IF(L15="Certifications","Certification","") | H16: =IF(L15="Skills","Skill_1",IF(L14="Skills","Skill_2",IF(L13="Skills","Skill_3",IF(L12="Skills","Skill_4",IF(L11="Skills","Skill_5",IF(L10="Skills","Skill_6","")))))) | I16: =IF(L16="References available on request.","References","")
A17: =B17&C17&F17&G17&H17&I17 | B17: ="" | E17: =IF(C17="Employment_1","September 2021 - Present",IF(C17="Employment_2","July 2020 - August 2021",IF(C17="Employment_3","April 2019 - June 2020",IF(C17="Employment_4","August 2017 - March 2019",IF(C17="Employment_5","October 2016 - July 2017",""))))) | F17: =IF(OR(AND(L14="Education",L17="2013-2017"),ISNUMBER(FIND("GED",M17))),"High School",IF(AND(L15="Education",L16="No Post-Secondary"),"Post Secondary",IF(AND(L15="Education",L16="Bachelor's Degree"),"Post Secondary",IF(AND(L15="Education",L16="Associate's Degree"),"Post Secondary","")))) | G17: =IF(L16="Certifications","Certification","") | H17: =IF(L16="Skills","Skill_1",IF(L15="Skills","Skill_2",IF(L14="Skills","Skill_3",IF(L13="Skills","Skill_4",IF(L12="Skills","Skill_5",IF(L11="Skills","Skill_6","")))))) | I17: =IF(L17="References available on request.","References","") | L17: Employment History
A18: =B18&C18&F18&G18&H18&I18 -> Employment_1 | B18: ="" | C18: =IF(L17="Employment History","Employment_1",NA()) -> Employment_1 | E18: =IF(C18="Employment_1","September 2021 - Present",IF(C18="Employment_2","July 2020 - August 2021",IF(C18="Employment_3","April 2019 - June 2020",IF(C18="Employment_4","August 2017 - March 2019",IF(C18="Employment_5","October 2016 - July 2017",""))))) -> September 2021 - Present | F18: =IF(OR(AND(L15="Education",L18="2013-2017"),ISNUMBER(FIND("GED",M18))),"High School",IF(AND(L16="Education",L17="No Post-Secondary"),"Post Secondary",IF(AND(L16="Education",L17="Bachelor's Degree"),"Post Secondary",IF(AND(L16="Education",L17="Associate's Degree"),"Post Secondary","")))) | G18: =IF(L17="Certifications","Certification","") | H18: =IF(L17="Skills","Skill_1",IF(L16="Skills","Skill_2",IF(L15="Skills","Skill_3",IF(L14="Skills","Skill_4",IF(L13="Skills","Skill_5",IF(L12="Skills","Skill_6","")))))) | I18: =IF(L18="References available on request.","References","") | L18: 2021-2023 | M18: Certified Nursing Assistant | N18: Company D
A19: =B19&C19&F19&G19&H19&I19 -> Employment_Description_11 | B19: ="" | C19: =IF(ISERROR($C$18),NA(),IF(AND(L19="",M19=""),"","Employment_Description_11")) -> Employment_Description_11 | D19: =IFERROR(INDEX('LU - Ad Hoc Baker Fix'!$D:$D,MATCH(M$18&$C19,'LU - Ad Hoc Baker Fix'!$A:$A,0)),$M19) -> Answered call lights and supported patient comfort and safety by adjusting bed rails and equipment | E19: =IF(C19="Employment_1","September 2021 - Present",IF(C19="Employment_2","July 2020 - August 2021",IF(C19="Employment_3","April 2019 - June 2020",IF(C19="Employment_4","August 2017 - March 2019",IF(C19="Employment_5","October 2016 - July 2017",""))))) | F19: =IF(OR(AND(L16="Education",L19="2013-2017"),ISNUMBER(FIND("GED",M19))),"High School",IF(AND(L17="Education",L18="No Post-Secondary"),"Post Secondary",IF(AND(L17="Education",L18="Bachelor's Degree"),"Post Secondary",IF(AND(L17="Education",L18="Associate's Degree"),"Post Secondary","")))) | G19: =IF(L18="Certifications","Certification","") | H19: =IF(L18="Skills","Skill_1",IF(L17="Skills","Skill_2",IF(L16="Skills","Skill_3",IF(L15="Skills","Skill_4",IF(L14="Skills","Skill_5",IF(L13="Skills","Skill_6","")))))) | I19: =IF(L19="References available on request.","References","") | M19: Answered call lights and supported patient comfort and safety by adjusting bed rails and equipment
A20: =B20&C20&F20&G20&H20&I20 -> Employment_Description_12 | B20: ="" | C20: =IF(ISERROR($C$18),NA(),IF(AND(L20="",M20=""),"","Employment_Description_12")) -> Employment_Description_12 | D20: =IFERROR(INDEX('LU - Ad Hoc Baker Fix'!$D:$D,MATCH(M$18&$C20,'LU - Ad Hoc Baker Fix'!$A:$A,0)),$M20) -> Promoted good oral and personal hygiene by aiding patients with shaving, bathing, and teeth brushing | E20: =IF(C20="Employment_1","September 2021 - Present",IF(C20="Employment_2","July 2020 - August 2021",IF(C20="Employment_3","April 2019 - June 2020",IF(C20="Employment_4","August 2017 - March 2019",IF(C20="Employment_5","October 2016 - July 2017",""))))) | F20: =IF(OR(AND(L17="Education",L20="2013-2017"),ISNUMBER(FIND("GED",M20))),"High School",IF(AND(L18="Education",L19="No Post-Secondary"),"Post Secondary",IF(AND(L18="Education",L19="Bachelor's Degree"),"Post Secondary",IF(AND(L18="Education",L19="Associate's Degree"),"Post Secondary","")))) | G20: =IF(L19="Certifications","Certification","") | H20: =IF(L19="Skills","Skill_1",IF(L18="Skills","Skill_2",IF(L17="Skills","Skill_3",IF(L16="Skills","Skill_4",IF(L15="Skills","Skill_5",IF(L14="Skills","Skill_6","")))))) | I20: =IF(L20="References available on request.","References","") | M20: Promoted good oral and personal hygiene by aiding patients with shaving, bathing, and teeth brushing
A21: =B21&C21&F21&G21&H21&I21 -> Employment_Description_13 | B21: ="" | C21: =IF(ISERROR($C$18),NA(),IF(AND(L21="",M21=""),"","Employment_Description_13")) -> Employment_Description_13 | D21: =IFERROR(INDEX('LU - Ad Hoc Baker Fix'!$D:$D,MATCH(M$18&$C21,'LU - Ad Hoc Baker Fix'!$A:$A,0)),$M21) -> Checked patient vitals such as temperature, blood pressure and blood sugar levels | E21: =IF(C21="Employment_1","September 2021 - Present",IF(C21="Employment_2","July 2020 - August 2021",IF(C21="Employment_3","April 2019 - June 2020",IF(C21="Employment_4","August 2017 - March 2019",IF(C21="Employment_5","October 2016 - July 2017",""))))) | F21: =IF(OR(AND(L18="Education",L21="2013-2017"),ISNUMBER(FIND("GED",M21))),"High School",IF(AND(L19="Education",L20="No Post-Secondary"),"Post Secondary",IF(AND(L19="Education",L20="Bachelor's Degree"),"Post Secondary",IF(AND(L19="Education",L20="Associate's Degree"),"Post Secondary","")))) | G21: =IF(L20="Certifications","Certification","") | H21: =IF(L20="Skills","Skill_1",IF(L19="Skills","Skill_2",IF(L18="Skills","Skill_3",IF(L17="Skills","Skill_4",IF(L16="Skills","Skill_5",IF(L15="Skills","Skill_6","")))))) | I21: =IF(L21="References available on request.","References","") | M21: Checked patient vitals such as temperature, blood pressure and blood sugar levels
A22: =B22&C22&F22&G22&H22&I22 -> Employment_Description_14 | B22: ="" | C22: =IF(ISERROR($C$18),NA(),IF(AND(L22="",M22=""),"","Employment_Description_14")) -> Employment_Description_14 | D22: =IFERROR(INDEX('LU - Ad Hoc Baker Fix'!$D:$D,MATCH(M$18&$C22,'LU - Ad Hoc Baker Fix'!$A:$A,0)),$M22) -> Cared for residents in assisted living facility and delivered high-quality support to meet needs | E22: =IF(C22="Employment_1","September 2021 - Present",IF(C22="Employment_2","July 2020 - August 2021",IF(C22="Employment_3","April 2019 - June 2020",IF(C22="Employment_4","August 2017 - March 2019",IF(C22="Employment_5","October 2016 - July 2017",""))))) | G22: =IF(L21="Certifications","Certification","") | M22: Cared for residents in assisted living facility and delivered high-quality support to meet needs
A23: =B23&C23&F23&G23&H23&I23 -> Employment_Description_15 | B23: ="" | C23: =IF(ISERROR($C$18),NA(),IF(AND(L23="",M23=""),"","Employment_Description_15")) -> Employment_Description_15 | D23: =IFERROR(INDEX('LU - Ad Hoc Baker Fix'!$D:$D,MATCH(M$18&$C23,'LU - Ad Hoc Baker Fix'!$A:$A,0)),$M23) -> Practiced proper perineal care to provide comfort and skin integrity | E23: =IF(C23="Employment_1","September 2021 - Present",IF(C23="Employment_2","July 2020 - August 2021",IF(C23="Employment_3","April 2019 - June 2020",IF(C23="Employment_4","August 2017 - March 2019",IF(C23="Employment_5","October 2016 - July 2017",""))))) | F23: =IF(OR(AND(L19="Education",L23="2013-2017"),ISNUMBER(FIND("GED",M23))),"High School",IF(AND(L20="Education",L21="No Post-Secondary"),"Post Secondary",IF(AND(L20="Education",L21="Bachelor's Degree"),"Post Secondary",IF(AND(L20="Education",L21="Associate's Degree"),"Post Secondary","")))) | G23: =IF(L22="Certifications","Certification","") | H23: =IF(L21="Skills","Skill_1",IF(L20="Skills","Skill_2",IF(L19="Skills","Skill_3",IF(L18="Skills","Skill_4",IF(L17="Skills","Skill_5",IF(L16="Skills","Skill_6","")))))) | I23: =IF(L23="References available on request.","References","") | M23: Practiced proper perineal care to provide comfort and skin integrity
A24: =B24&C24&F24&G24&H24&I24 | B24: ="" | C24: ="" | E24: =IF(C24="Employment_1","September 2021 - Present",IF(C24="Employment_2","July 2020 - August 2021",IF(C24="Employment_3","April 2019 - June 2020",IF(C24="Employment_4","August 2017 - March 2019",IF(C24="Employment_5","October 2016 - July 2017",""))))) | F24: =IF(OR(AND(L20="Education",L24="2013-2017"),ISNUMBER(FIND("GED",M24))),"High School",IF(AND(L21="Education",L23="No Post-Secondary"),"Post Secondary",IF(AND(L21="Education",L23="Bachelor's Degree"),"Post Secondary",IF(AND(L21="Education",L23="Associate's Degree"),"Post Secondary","")))) | G24: =IF(L23="Certifications","Certification","") | H24: =IF(L23="Skills","Skill_1",IF(L21="Skills","Skill_2",IF(L20="Skills","Skill_3",IF(L19="Skills","Skill_4",IF(L18="Skills","Skill_5",IF(L17="Skills","Skill_6","")))))) | I24: =IF(L24="References available on request.","References","")
A25: =B25&C25&F25&G25&H25&I25 -> Employment_3 | B25: ="" | C25: =IF(C$18="#N/A",NA(),IF(AND(L25="",M25=""),"",IF(LEFT(L25,1)="2","Employment_"&RIGHT(C18,1)+2,""))) -> Employment_3 | E25: =IF(C25="Employment_1","September 2021 - Present",IF(C25="Employment_2","July 2020 - August 2021",IF(C25="Employment_3","April 2019 - June 2020",IF(C25="Employment_4","August 2017 - March 2019",IF(C25="Employment_5","October 2016 - July 2017",""))))) -> April 2019 - June 2020 | F25: =IF(OR(AND(L21="Education",L25="2013-2017"),ISNUMBER(FIND("GED",M25))),"High School",IF(AND(L23="Education",L24="No Post-Secondary"),"Post Secondary",IF(AND(L23="Education",L24="Bachelor's Degree"),"Post Secondary",IF(AND(L23="Education",L24="Associate's Degree"),"Post Secondary","")))) | G25: =IF(L24="Certifications","Certification","") | H25: =IF(L24="Skills","Skill_1",IF(L23="Skills","Skill_2",IF(L21="Skills","Skill_3",IF(L20="Skills","Skill_4",IF(L19="Skills","Skill_5",IF(L18="Skills","Skill_6","")))))) | I25: =IF(L25="References available on request.","References","") | L25: 2020-2021 | M25: Delivery Driver | N25: Company B
A26: =B26&C26&F26&G26&H26&I26 -> Employment_Description_31 | B26: ="" | C26: =IF(C$18="#N/A",NA(),IF(C$25="","",IF(AND(L26="",M26=""),"","Employment_Description_"&LEFT(RIGHT(C19,2),1)+2&RIGHT(C19,1)))) -> Employment_Description_31 | D26: =IFERROR(INDEX('LU - Ad Hoc Baker Fix'!$D:$D,MATCH(M$25&$C26,'LU - Ad Hoc Baker Fix'!$A:$A,0)),$M26) -> Deliver and follow directions to customers house | E26: =IF(C26="Employment_1","September 2021 - Present",IF(C26="Employment_2","July 2020 - August 2021",IF(C26="Employment_3","April 2019 - June 2020",IF(C26="Employment_4","August 2017 - March 2019",IF(C26="Employment_5","October 2016 - July 2017",""))))) | F26: =IF(OR(AND(L23="Education",L26="2013-2017"),ISNUMBER(FIND("GED",M26))),"High School",IF(AND(L24="Education",L25="No Post-Secondary"),"Post Secondary",IF(AND(L24="Education",L25="Bachelor's Degree"),"Post Secondary",IF(AND(L24="Education",L25="Associate's Degree"),"Post Secondary","")))) | G26: =IF(L25="Certifications","Certification","") | H26: =IF(L25="Skills","Skill_1",IF(L24="Skills","Skill_2",IF(L23="Skills","Skill_3",IF(L21="Skills","Skill_4",IF(L20="Skills","Skill_5",IF(L19="Skills","Skill_6","")))))) | I26: =IF(L26="References available on request.","References","") | M26: Deliver and follow directions to customers house
A27: =B27&C27&F27&G27&H27&I27 -> Employment_Description_32 | B27: ="" | C27: =IF(C$18="#N/A",NA(),IF(C$25="","",IF(AND(L27="",M27=""),"","Employment_Description_"&LEFT(RIGHT(C20,2),1)+2&RIGHT(C20,1)))) -> Employment_Description_32 | D27: =IFERROR(INDEX('LU - Ad Hoc Baker Fix'!$D:$D,MATCH(M$25&$C27,'LU - Ad Hoc Baker Fix'!$A:$A,0)),$M27) -> Provide customer service at counter | E27: =IF(C27="Employment_1","September 2021 - Present",IF(C27="Employment_2","July 2020 - August 2021",IF(C27="Employment_3","April 2019 - June 2020",IF(C27="Employment_4","August 2017 - March 2019",IF(C27="Employment_5","October 2016 - July 2017",""))))) | F27: =IF(OR(AND(L24="Education",L27="2013-2017"),ISNUMBER(FIND("GED",M27))),"High School",IF(AND(L25="Education",L26="No Post-Secondary"),"Post Secondary",IF(AND(L25="Education",L26="Bachelor's Degree"),"Post Secondary",IF(AND(L25="Education",L26="Associate's Degree"),"Post Secondary","")))) | G27: =IF(L26="Certifications","Certification","") | H27: =IF(L26="Skills","Skill_1",IF(L25="Skills","Skill_2",IF(L24="Skills","Skill_3",IF(L23="Skills","Skill_4",IF(L21="Skills","Skill_5",IF(L20="Skills","Skill_6","")))))) | I27: =IF(L27="References available on request.","References","") | M27: Provide customer service at counter
A28: =B28&C28&F28&G28&H28&I28 -> Employment_Description_33 | B28: ="" | C28: =IF(C$18="#N/A",NA(),IF(C$25="","",IF(AND(L28="",M28=""),"","Employment_Description_"&LEFT(RIGHT(C21,2),1)+2&RIGHT(C21,1)))) -> Employment_Description_33 | D28: =IFERROR(INDEX('LU - Ad Hoc Baker Fix'!$D:$D,MATCH(M$25&$C28,'LU - Ad Hoc Baker Fix'!$A:$A,0)),$M28) -> Clean up for closing | E28: =IF(C28="Employment_1","September 2021 - Present",IF(C28="Employment_2","July 2020 - August 2021",IF(C28="Employment_3","April 2019 - June 2020",IF(C28="Employment_4","August 2017 - March 2019",IF(C28="Employment_5","October 2016 - July 2017",""))))) | F28: =IF(OR(AND(L25="Education",L28="2013-2017"),ISNUMBER(FIND("GED",M28))),"High School",IF(AND(L26="Education",L27="No Post-Secondary"),"Post Secondary",IF(AND(L26="Education",L27="Bachelor's Degree"),"Post Secondary",IF(AND(L26="Education",L27="Associate's Degree"),"Post Secondary","")))) | G28: =IF(L27="Certifications","Certification","") | H28: =IF(L27="Skills","Skill_1",IF(L26="Skills","Skill_2",IF(L25="Skills","Skill_3",IF(L24="Skills","Skill_4",IF(L23="Skills","Skill_5",IF(L21="Skills","Skill_6","")))))) | I28: =IF(L28="References available on request.","References","") | M28: Clean up for closing
A29: =B29&C29&F29&G29&H29&I29 -> Employment_Description_34 | B29: ="" | C29: =IF(C$18="#N/A",NA(),IF(C$25="","",IF(AND(L29="",M29=""),"","Employment_Description_"&LEFT(RIGHT(C22,2),1)+2&RIGHT(C22,1)))) -> Employment_Description_34 | D29: =IFERROR(INDEX('LU - Ad Hoc Baker Fix'!$D:$D,MATCH(M$25&$C29,'LU - Ad Hoc Baker Fix'!$A:$A,0)),$M29) -> n/a | E29: =IF(C29="Employment_1","September 2021 - Present",IF(C29="Employment_2","July 2020 - August 2021",IF(C29="Employment_3","April 2019 - June 2020",IF(C29="Employment_4","August 2017 - March 2019",IF(C29="Employment_5","October 2016 - July 2017",""))))) | G29: =IF(L28="Certifications","Certification","") | M29: n/a
A30: =B30&C30&F30&G30&H30&I30 -> Employment_Description_35 | B30: ="" | C30: =IF(C$18="#N/A",NA(),IF(C$25="","",IF(AND(L30="",M30=""),"","Employment_Description_"&LEFT(RIGHT(C23,2),1)+2&RIGHT(C23,1)))) -> Employment_Description_35 | D30: =IFERROR(INDEX('LU - Ad Hoc Baker Fix'!$D:$D,MATCH(M$25&$C30,'LU - Ad Hoc Baker Fix'!$A:$A,0)),$M30) -> n/a | E30: =IF(C30="Employment_1","September 2021 - Present",IF(C30="Employment_2","July 2020 - August 2021",IF(C30="Employment_3","April 2019 - June 2020",IF(C30="Employment_4","August 2017 - March 2019",IF(C30="Employment_5","October 2016 - July 2017",""))))) | F30: =IF(OR(AND(L26="Education",L30="2013-2017"),ISNUMBER(FIND("GED",M30))),"High School",IF(AND(L27="Education",L28="No Post-Secondary"),"Post Secondary",IF(AND(L27="Education",L28="Bachelor's Degree"),"Post Secondary",IF(AND(L27="Education",L28="Associate's Degree"),"Post Secondary","")))) | G30: =IF(L29="Certifications","Certification","") | H30: =IF(L28="Skills","Skill_1",IF(L27="Skills","Skill_2",IF(L26="Skills","Skill_3",IF(L25="Skills","Skill_4",IF(L24="Skills","Skill_5",IF(L23="Skills","Skill_6","")))))) | I30: =IF(L30="References available on request.","References","") | M30: n/a
A31: =B31&C31&F31&G31&H31&I31 | B31: ="" | C31: ="" | E31: =IF(C31="Employment_1","September 2021 - Present",IF(C31="Employment_2","July 2020 - August 2021",IF(C31="Employment_3","April 2019 - June 2020",IF(C31="Employment_4","August 2017 - March 2019",IF(C31="Employment_5","October 2016 - July 2017",""))))) | F31: =IF(OR(AND(L27="Education",L31="2013-2017"),ISNUMBER(FIND("GED",M31))),"High School",IF(AND(L28="Education",L30="No Post-Secondary"),"Post Secondary",IF(AND(L28="Education",L30="Bachelor's Degree"),"Post Secondary",IF(AND(L28="Education",L30="Associate's Degree"),"Post Secondary","")))) | G31: =IF(L30="Certifications","Certification","") | H31: =IF(L30="Skills","Skill_1",IF(L28="Skills","Skill_2",IF(L27="Skills","Skill_3",IF(L26="Skills","Skill_4",IF(L25="Skills","Skill_5",IF(L24="Skills","Skill_6","")))))) | I31: =IF(L31="References available on request.","References","")
A32: =B32&C32&F32&G32&H32&I32 -> Employment_4 | B32: ="" | C32: =IF(C$18="#N/A",NA(),IF(AND(L32="",M32=""),"",IF(LEFT(L32,1)="2","Employment_"&RIGHT(C25,1)+1,""))) -> Employment_4 | E32: =IF(C32="Employment_1","September 2021 - Present",IF(C32="Employment_2","July 2020 - August 2021",IF(C32="Employment_3","April 2019 - June 2020",IF(C32="Employment_4","August 2017 - March 2019",IF(C32="Employment_5","October 2016 - July 2017",""))))) -> August 2017 - March 2019 | F32: =IF(OR(AND(L28="Education",L32="2013-2017"),ISNUMBER(FIND("GED",M32))),"High School",IF(AND(L30="Education",L31="No Post-Secondary"),"Post Secondary",IF(AND(L30="Education",L31="Bachelor's Degree"),"Post Secondary",IF(AND(L30="Education",L31="Associate's Degree"),"Post Secondary","")))) | G32: =IF(L31="Certifications","Certification","") | H32: =IF(L31="Skills","Skill_1",IF(L30="Skills","Skill_2",IF(L28="Skills","Skill_3",IF(L27="Skills","Skill_4",IF(L26="Skills","Skill_5",IF(L25="Skills","Skill_6","")))))) | I32: =IF(L32="References available on request.","References","") | L32: 2019-2020 | M32: Administrative Assistant | N32: Company A
A33: =B33&C33&F33&G33&H33&I33 -> Employment_Description_41 | B33: ="" | C33: =IF(C$18="#N/A",NA(),IF(C$32="","",IF(AND(L33="",M33=""),"","Employment_Description_"&LEFT(RIGHT(C26,2),1)+1&RIGHT(C26,1)))) -> Employment_Description_41 | D33: =IFERROR(INDEX('LU - Ad Hoc Baker Fix'!$D:$D,MATCH(M$32&$C33,'LU - Ad Hoc Baker Fix'!$A:$A,0)),$M33) -> Serve as direct assistant to Office Manager, supporting all aspects of clerical and administrative needs | E33: =IF(C33="Employment_1","September 2021 - Present",IF(C33="Employment_2","July 2020 - August 2021",IF(C33="Employment_3","April 2019 - June 2020",IF(C33="Employment_4","August 2017 - March 2019",IF(C33="Employment_5","October 2016 - July 2017",""))))) | F33: =IF(OR(AND(L30="Education",L33="2013-2017"),ISNUMBER(FIND("GED",M33))),"High School",IF(AND(L31="Education",L32="No Post-Secondary"),"Post Secondary",IF(AND(L31="Education",L32="Bachelor's Degree"),"Post Secondary",IF(AND(L31="Education",L32="Associate's Degree"),"Post Secondary","")))) | G33: =IF(L32="Certifications","Certification","") | H33: =IF(L32="Skills","Skill_1",IF(L31="Skills","Skill_2",IF(L30="Skills","Skill_3",IF(L28="Skills","Skill_4",IF(L27="Skills","Skill_5",IF(L26="Skills","Skill_6","")))))) | I33: =IF(L33="References available on request.","References","") | M33: Serve as direct assistant to Office Manager, supporting all aspects of clerical and administrative needs
A34: =B34&C34&F34&G34&H34&I34 -> Employment_Description_42 | B34: ="" | C34: =IF(C$18="#N/A",NA(),IF(C$32="","",IF(AND(L34="",M34=""),"","Employment_Description_"&LEFT(RIGHT(C27,2),1)+1&RIGHT(C27,1)))) -> Employment_Description_42 | D34: =IFERROR(INDEX('LU - Ad Hoc Baker Fix'!$D:$D,MATCH(M$32&$C34,'LU - Ad Hoc Baker Fix'!$A:$A,0)),$M34) -> Alleviate executive overload by handling all patient interactions including walk-ins, email, phone, and fax coordination | E34: =IF(C34="Employment_1","September 2021 - Present",IF(C34="Employment_2","July 2020 - August 2021",IF(C34="Employment_3","April 2019 - June 2020",IF(C34="Employment_4","August 2017 - March 2019",IF(C34="Employment_5","October 2016 - July 2017",""))))) | F34: =IF(OR(AND(L31="Education",L34="2013-2017"),ISNUMBER(FIND("GED",M34))),"High School",IF(AND(L32="Education",L33="No Post-Secondary"),"Post Secondary",IF(AND(L32="Education",L33="Bachelor's Degree"),"Post Secondary",IF(AND(L32="Education",L33="Associate's Degree"),"Post Secondary","")))) | G34: =IF(L33="Certifications","Certification","") | H34: =IF(L33="Skills","Skill_1",IF(L32="Skills","Skill_2",IF(L31="Skills","Skill_3",IF(L30="Skills","Skill_4",IF(L28="Skills","Skill_5",IF(L27="Skills","Skill_6","")))))) | I34: =IF(L34="References available on request.","References","") | M34: Alleviate executive overload by handling all patient interactions including walk-ins, email, phone, and fax coordination
A35: =B35&C35&F35&G35&H35&I35 -> Employment_Description_43 | B35: ="" | C35: =IF(C$18="#N/A",NA(),IF(C$32="","",IF(AND(L35="",M35=""),"","Employment_Description_"&LEFT(RIGHT(C28,2),1)+1&RIGHT(C28,1)))) -> Employment_Description_43 | D35: =IFERROR(INDEX('LU - Ad Hoc Baker Fix'!$D:$D,MATCH(M$32&$C35,'LU - Ad Hoc Baker Fix'!$A:$A,0)),$M35) -> Screen phone calls, taking messages, assisting callers, and rerouting as needed | E35: =IF(C35="Employment_1","September 2021 - Present",IF(C35="Employment_2","July 2020 - August 2021",IF(C35="Employment_3","April 2019 - June 2020",IF(C35="Employment_4","August 2017 - March 2019",IF(C35="Employment_5","October 2016 - July 2017",""))))) | F35: =IF(OR(AND(L32="Education",L35="2013-2017"),ISNUMBER(FIND("GED",M35))),"High School",IF(AND(L33="Education",L34="No Post-Secondary"),"Post Secondary",IF(AND(L33="Education",L34="Bachelor's Degree"),"Post Secondary",IF(AND(L33="Education",L34="Associate's Degree"),"Post Secondary","")))) | G35: =IF(L34="Certifications","Certification","") | H35: =IF(L34="Skills","Skill_1",IF(L33="Skills","Skill_2",IF(L32="Skills","Skill_3",IF(L31="Skills","Skill_4",IF(L30="Skills","Skill_5",IF(L28="Skills","Skill_6","")))))) | I35: =IF(L35="References available on request.","References","") | M35: Screen phone calls, taking messages, assisting callers, and rerouting as needed
A36: =B36&C36&F36&G36&H36&I36 -> Employment_Description_44 | B36: ="" | C36: =IF(C$18="#N/A",NA(),IF(C$32="","",IF(AND(L36="",M36=""),"","Employment_Description_"&LEFT(RIGHT(C29,2),1)+1&RIGHT(C29,1)))) -> Employment_Description_44 | D36: =IFERROR(INDEX('LU - Ad Hoc Baker Fix'!$D:$D,MATCH(M$32&$C36,'LU - Ad Hoc Baker Fix'!$A:$A,0)),$M36) -> Act as the first step in Billing by collecting accurate demographic and insurance information from patients | E36: =IF(C36="Employment_1","September 2021 - Present",IF(C36="Employment_2","July 2020 - August 2021",IF(C36="Employment_3","April 2019 - June 2020",IF(C36="Employment_4","August 2017 - March 2019",IF(C36="Employment_5","October 2016 - July 2017",""))))) | G36: =IF(L35="Certifications","Certification","") | M36: Act as the first step in Billing by collecting accurate demographic and insurance information from patients
A37: =B37&C37&F37&G37&H37&I37 -> Employment_Description_45 | B37: ="" | C37: =IF(C$18="#N/A",NA(),IF(C$32="","",IF(AND(L37="",M37=""),"","Employment_Description_"&LEFT(RIGHT(C30,2),1)+1&RIGHT(C30,1)))) -> Employment_Description_45 | D37: =IFERROR(INDEX('LU - Ad Hoc Baker Fix'!$D:$D,MATCH(M$32&$C37,'LU - Ad Hoc Baker Fix'!$A:$A,0)),$M37) -> n/a | E37: =IF(C37="Employment_1","September 2021 - Present",IF(C37="Employment_2","July 2020 - August 2021",IF(C37="Employment_3","April 2019 - June 2020",IF(C37="Employment_4","August 2017 - March 2019",IF(C37="Employment_5","October 2016 - July 2017",""))))) | F37: =IF(OR(AND(L33="Education",L37="2013-2017"),ISNUMBER(FIND("GED",M37))),"High School",IF(AND(L34="Education",L35="No Post-Secondary"),"Post Secondary",IF(AND(L34="Education",L35="Bachelor's Degree"),"Post Secondary",IF(AND(L34="Education",L35="Associate's Degree"),"Post Secondary","")))) | G37: =IF(L36="Certifications","Certification","") | H37: =IF(L35="Skills","Skill_1",IF(L34="Skills","Skill_2",IF(L33="Skills","Skill_3",IF(L32="Skills","Skill_4",IF(L31="Skills","Skill_5",IF(L30="Skills","Skill_6","")))))) | I37: =IF(L37="References available on request.","References","") | M37: n/a
A38: =B38&C38&F38&G38&H38&I38 | B38: ="" | C38: ="" | E38: =IF(C38="Employment_1","September 2021 - Present",IF(C38="Employment_2","July 2020 - August 2021",IF(C38="Employment_3","April 2019 - June 2020",IF(C38="Employment_4","August 2017 - March 2019",IF(C38="Employment_5","October 2016 - July 2017",""))))) | F38: =IF(OR(AND(L34="Education",L38="2013-2017"),ISNUMBER(FIND("GED",M38))),"High School",IF(AND(L35="Education",L37="No Post-Secondary"),"Post Secondary",IF(AND(L35="Education",L37="Bachelor's Degree"),"Post Secondary",IF(AND(L35="Education",L37="Associate's Degree"),"Post Secondary","")))) | G38: =IF(L37="Certifications","Certification","") | H38: =IF(L37="Skills","Skill_1",IF(L35="Skills","Skill_2",IF(L34="Skills","Skill_3",IF(L33="Skills","Skill_4",IF(L32="Skills","Skill_5",IF(L31="Skills","Skill_6","")))))) | I38: =IF(L38="References available on request.","References","")
A39: =B39&C39&F39&G39&H39&I39 -> Employment_2 | B39: ="" | C39: =IF(C$18="#N/A",NA(),IF(AND(L39="",M39=""),"",IF(LEFT(L39,1)="2","Employment_"&RIGHT(C32,1)-2,""))) -> Employment_2 | E39: =IF(C39="Employment_1","September 2021 - Present",IF(C39="Employment_2","July 2020 - August 2021",IF(C39="Employment_3","April 2019 - June 2020",IF(C39="Employment_4","August 2017 - March 2019",IF(C39="Employment_5","October 2016 - July 2017",""))))) -> July 2020 - August 2021 | F39: =IF(OR(AND(L35="Education",L39="2013-2017"),ISNUMBER(FIND("GED",M39))),"High School",IF(AND(L37="Education",L38="No Post-Secondary"),"Post Secondary",IF(AND(L37="Education",L38="Bachelor's Degree"),"Post Secondary",IF(AND(L37="Education",L38="Associate's Degree"),"Post Secondary","")))) | G39: =IF(L38="Certifications","Certification","") | H39: =IF(L38="Skills","Skill_1",IF(L37="Skills","Skill_2",IF(L35="Skills","Skill_3",IF(L34="Skills","Skill_4",IF(L33="Skills","Skill_5",IF(L32="Skills","Skill_6","")))))) | I39: =IF(L39="References available on request.","References","") | L39: 2018-2019 | M39: Host | N39: Company A
A40: =B40&C40&F40&G40&H40&I40 -> Employment_Description_21 | B40: ="" | C40: =IF(C$18="#N/A",NA(),IF(C$39="","",IF(AND(L40="",M40=""),"","Employment_Description_"&LEFT(RIGHT(C33,2),1)-2&RIGHT(C33,1)))) -> Employment_Description_21 | D40: =IFERROR(INDEX('LU - Ad Hoc Baker Fix'!$D:$D,MATCH(M$39&$C40,'LU - Ad Hoc Baker Fix'!$A:$A,0)),$M40) -> Responsible for greeting and seating customers, including managing wait lists | E40: =IF(C40="Employment_1","September 2021 - Present",IF(C40="Employment_2","July 2020 - August 2021",IF(C40="Employment_3","April 2019 - June 2020",IF(C40="Employment_4","August 2017 - March 2019",IF(C40="Employment_5","October 2016 - July 2017",""))))) | F40: =IF(OR(AND(L37="Education",L40="2013-2017"),ISNUMBER(FIND("GED",M40))),"High School",IF(AND(L38="Education",L39="No Post-Secondary"),"Post Secondary",IF(AND(L38="Education",L39="Bachelor's Degree"),"Post Secondary",IF(AND(L38="Education",L39="Associate's Degree"),"Post Secondary","")))) | G40: =IF(L39="Certifications","Certification","") | H40: =IF(L39="Skills","Skill_1",IF(L38="Skills","Skill_2",IF(L37="Skills","Skill_3",IF(L35="Skills","Skill_4",IF(L34="Skills","Skill_5",IF(L33="Skills","Skill_6","")))))) | I40: =IF(L40="References available on request.","References","") | M40: Responsible for greeting and seating customers, including managing wait lists
A41: =B41&C41&F41&G41&H41&I41 -> Employment_Description_22 | B41: ="" | C41: =IF(C$18="#N/A",NA(),IF(C$39="","",IF(AND(L41="",M41=""),"","Employment_Description_"&LEFT(RIGHT(C34,2),1)-2&RIGHT(C34,1)))) -> Employment_Description_22 | D41: =IFERROR(INDEX('LU - Ad Hoc Baker Fix'!$D:$D,MATCH(M$39&$C41,'LU - Ad Hoc Baker Fix'!$A:$A,0)),$M41) -> Coordinate with serving staff to ensure a smooth and satisfactory service | E41: =IF(C41="Employment_1","September 2021 - Present",IF(C41="Employment_2","July 2020 - August 2021",IF(C41="Employment_3","April 2019 - June 2020",IF(C41="Employment_4","August 2017 - March 2019",IF(C41="Employment_5","October 2016 - July 2017",""))))) | F41: =IF(OR(AND(L38="Education",L41="2013-2017"),ISNUMBER(FIND("GED",M41))),"High School",IF(AND(L39="Education",L40="No Post-Secondary"),"Post Secondary",IF(AND(L39="Education",L40="Bachelor's Degree"),"Post Secondary",IF(AND(L39="Education",L40="Associate's Degree"),"Post Secondary","")))) | G41: =IF(L40="Certifications","Certification","") | H41: =IF(L40="Skills","Skill_1",IF(L39="Skills","Skill_2",IF(L38="Skills","Skill_3",IF(L37="Skills","Skill_4",IF(L35="Skills","Skill_5",IF(L34="Skills","Skill_6","")))))) | I41: =IF(L41="References available on request.","References","") | M41: Coordinate with serving staff to ensure a smooth and satisfactory service
A42: =B42&C42&F42&G42&H42&I42 -> Employment_Description_23 | B42: ="" | C42: =IF(C$18="#N/A",NA(),IF(C$39="","",IF(AND(L42="",M42=""),"","Employment_Description_"&LEFT(RIGHT(C35,2),1)-2&RIGHT(C35,1)))) -> Employment_Description_23 | D42: =IFERROR(INDEX('LU - Ad Hoc Baker Fix'!$D:$D,MATCH(M$39&$C42,'LU - Ad Hoc Baker Fix'!$A:$A,0)),$M42) -> Answered phones, recorded reservations, and resolved customer issues | E42: =IF(C42="Employment_1","September 2021 - Present",IF(C42="Employment_2","July 2020 - August 2021",IF(C42="Employment_3","April 2019 - June 2020",IF(C42="Employment_4","August 2017 - March 2019",IF(C42="Employment_5","October 2016 - July 2017",""))))) | F42: =IF(OR(AND(L39="Education",L42="2013-2017"),ISNUMBER(FIND("GED",M42))),"High School",IF(AND(L40="Education",L41="No Post-Secondary"),"Post Secondary",IF(AND(L40="Education",L41="Bachelor's Degree"),"Post Secondary",IF(AND(L40="Education",L41="Associate's Degree"),"Post Secondary","")))) | G42: =IF(L41="Certifications","Certification","") | H42: =IF(L41="Skills","Skill_1",IF(L40="Skills","Skill_2",IF(L39="Skills","Skill_3",IF(L38="Skills","Skill_4",IF(L37="Skills","Skill_5",IF(L35="Skills","Skill_6","")))))) | I42: =IF(L42="References available on request.","References","") | M42: Answered phones, recorded reservations, and resolved customer issues
A43: =B43&C43&F43&G43&H43&I43 -> Employment_Description_24 | B43: ="" | C43: =IF(C$18="#N/A",NA(),IF(C$39="","",IF(AND(L43="",M43=""),"","Employment_Description_"&LEFT(RIGHT(C36,2),1)-2&RIGHT(C36,1)))) -> Employment_Description_24 | D43: =IFERROR(INDEX('LU - Ad Hoc Baker Fix'!$D:$D,MATCH(M$39&$C43,'LU - Ad Hoc Baker Fix'!$A:$A,0)),$M43) -> n/a | E43: =IF(C43="Employment_1","September 2021 - Present",IF(C43="Employment_2","July 2020 - August 2021",IF(C43="Employment_3","April 2019 - June 2020",IF(C43="Employment_4","August 2017 - March 2019",IF(C43="Employment_5","October 2016 - July 2017",""))))) | G43: =IF(L42="Certifications","Certification","") | M43: n/a
A44: =B44&C44&F44&G44&H44&I44 -> Employment_Description_25 | B44: ="" | C44: =IF(C$18="#N/A",NA(),IF(C$39="","",IF(AND(L44="",M44=""),"","Employment_Description_"&LEFT(RIGHT(C37,2),1)-2&RIGHT(C37,1)))) -> Employment_Description_25 | D44: =IFERROR(INDEX('LU - Ad Hoc Baker Fix'!$D:$D,MATCH(M$39&$C44,'LU - Ad Hoc Baker Fix'!$A:$A,0)),$M44) -> n/a | E44: =IF(C44="Employment_1","September 2021 - Present",IF(C44="Employment_2","July 2020 - August 2021",IF(C44="Employment_3","April 2019 - June 2020",IF(C44="Employment_4","August 2017 - March 2019",IF(C44="Employment_5","October 2016 - July 2017",""))))) | F44: =IF(OR(AND(L40="Education",L44="2013-2017"),ISNUMBER(FIND("GED",M44))),"High School",IF(AND(L41="Education",L42="No Post-Secondary"),"Post Secondary",IF(AND(L41="Education",L42="Bachelor's Degree"),"Post Secondary",IF(AND(L41="Education",L42="Associate's Degree"),"Post Secondary","")))) | G44: =IF(L43="Certifications","Certification","") | H44: =IF(L42="Skills","Skill_1",IF(L41="Skills","Skill_2",IF(L40="Skills","Skill_3",IF(L39="Skills","Skill_4",IF(L38="Skills","Skill_5",IF(L37="Skills","Skill_6","")))))) | I44: =IF(L44="References available on request.","References","") | M44: n/a
A45: =B45&C45&F45&G45&H45&I45 | B45: ="" | C45: ="" | E45: =IF(C45="Employment_1","September 2021 - Present",IF(C45="Employment_2","July 2020 - August 2021",IF(C45="Employment_3","April 2019 - June 2020",IF(C45="Employment_4","August 2017 - March 2019",IF(C45="Employment_5","October 2016 - July 2017",""))))) | F45: =IF(OR(AND(L41="Education",L45="2013-2017"),ISNUMBER(FIND("GED",M45))),"High School",IF(AND(L42="Education",L44="No Post-Secondary"),"Post Secondary",IF(AND(L42="Education",L44="Bachelor's Degree"),"Post Secondary",IF(AND(L42="Education",L44="Associate's Degree"),"Post Secondary","")))) | G45: =IF(L44="Certifications","Certification","") | H45: =IF(L44="Skills","Skill_1",IF(L42="Skills","Skill_2",IF(L41="Skills","Skill_3",IF(L40="Skills","Skill_4",IF(L39="Skills","Skill_5",IF(L38="Skills","Skill_6","")))))) | I45: =IF(L45="References available on request.","References","")
A46: =B46&C46&F46&G46&H46&I46 | B46: ="" | C46: =IF(C$18="#N/A",NA(),IF(AND(L46="",M46=""),"",IF(LEFT(L46,1)="2","Employment_"&RIGHT(C39,1)+3,""))) | E46: =IF(C46="Employment_1","September 2021 - Present",IF(C46="Employment_2","July 2020 - August 2021",IF(C46="Employment_3","April 2019 - June 2020",IF(C46="Employment_4","August 2017 - March 2019",IF(C46="Employment_5","October 2016 - July 2017",""))))) | F46: =IF(OR(AND(L42="Education",L46="2013-2017"),ISNUMBER(FIND("GED",M46))),"High School",IF(AND(L44="Education",L45="No Post-Secondary"),"Post Secondary",IF(AND(L44="Education",L45="Bachelor's Degree"),"Post Secondary",IF(AND(L44="Education",L45="Associate's Degree"),"Post Secondary","")))) | G46: =IF(L45="Certifications","Certification","") | H46: =IF(L45="Skills","Skill_1",IF(L44="Skills","Skill_2",IF(L42="Skills","Skill_3",IF(L41="Skills","Skill_4",IF(L40="Skills","Skill_5",IF(L39="Skills","Skill_6","")))))) | I46: =IF(L46="References available on request.","References","") | L46: No work experience during high school
A47: =B47&C47&F47&G47&H47&I47 | B47: ="" | C47: =IF(C$18="#N/A",NA(),IF(C$46="","",IF(AND(L47="",M47=""),"","Employment_Description_"&LEFT(RIGHT(C40,2),1)+3&RIGHT(C40,1)))) | D47: =IFERROR(INDEX('LU - Ad Hoc Baker Fix'!$D:$D,MATCH(M$46&$C47,'LU - Ad Hoc Baker Fix'!$A:$A,0)),$M47) -> 0 | E47: =IF(C47="Employment_1","September 2021 - Present",IF(C47="Employment_2","July 2020 - August 2021",IF(C47="Employment_3","April 2019 - June 2020",IF(C47="Employment_4","August 2017 - March 2019",IF(C47="Employment_5","October 2016 - July 2017",""))))) | F47: =IF(OR(AND(L44="Education",L47="2013-2017"),ISNUMBER(FIND("GED",M47))),"High School",IF(AND(L45="Education",L46="No Post-Secondary"),"Post Secondary",IF(AND(L45="Education",L46="Bachelor's Degree"),"Post Secondary",IF(AND(L45="Education",L46="Associate's Degree"),"Post Secondary","")))) | G47: =IF(L46="Certifications","Certification","") | H47: =IF(L46="Skills","Skill_1",IF(L45="Skills","Skill_2",IF(L44="Skills","Skill_3",IF(L42="Skills","Skill_4",IF(L41="Skills","Skill_5",IF(L40="Skills","Skill_6","")))))) | I47: =IF(L47="References available on request.","References","")
A48: =B48&C48&F48&G48&H48&I48 | B48: ="" | C48: =IF(C$18="#N/A",NA(),IF(C$46="","",IF(AND(L48="",M48=""),"","Employment_Description_"&LEFT(RIGHT(C41,2),1)+3&RIGHT(C41,1)))) | D48: =IFERROR(INDEX('LU - Ad Hoc Baker Fix'!$D:$D,MATCH(M$46&$C48,'LU - Ad Hoc Baker Fix'!$A:$A,0)),$M48) -> 0 | E48: =IF(C48="Employment_1","September 2021 - Present",IF(C48="Employment_2","July 2020 - August 2021",IF(C48="Employment_3","April 2019 - June 2020",IF(C48="Employment_4","August 2017 - March 2019",IF(C48="Employment_5","October 2016 - July 2017",""))))) | F48: =IF(OR(AND(L45="Education",L48="2013-2017"),ISNUMBER(FIND("GED",M48))),"High School",IF(AND(L46="Education",L47="No Post-Secondary"),"Post Secondary",IF(AND(L46="Education",L47="Bachelor's Degree"),"Post Secondary",IF(AND(L46="Education",L47="Associate's Degree"),"Post Secondary","")))) | G48: =IF(L47="Certifications","Certification","") | H48: =IF(L47="Skills","Skill_1",IF(L46="Skills","Skill_2",IF(L45="Skills","Skill_3",IF(L44="Skills","Skill_4",IF(L42="Skills","Skill_5",IF(L41="Skills","Skill_6","")))))) | I48: =IF(L48="References available on request.","References","") | L48: Certifications
A49: =B49&C49&F49&G49&H49&I49 -> Certification | B49: ="" | C49: =IF(C$18="#N/A",NA(),IF(C$46="","",IF(AND(L49="",M49=""),"","Employment_Description_"&LEFT(RIGHT(C42,2),1)+3&RIGHT(C42,1)))) | D49: =IFERROR(INDEX('LU - Ad Hoc Baker Fix'!$D:$D,MATCH(M$46&$C49,'LU - Ad Hoc Baker Fix'!$A:$A,0)),$M49) -> 0 | E49: =IF(C49="Employment_1","September 2021 - Present",IF(C49="Employment_2","July 2020 - August 2021",IF(C49="Employment_3","April 2019 - June 2020",IF(C49="Employment_4","August 2017 - March 2019",IF(C49="Employment_5","October 2016 - July 2017",""))))) | F49: =IF(OR(AND(L46="Education",L49="2013-2017"),ISNUMBER(FIND("GED",M49))),"High School",IF(AND(L47="Education",L48="No Post-Secondary"),"Post Secondary",IF(AND(L47="Education",L48="Bachelor's Degree"),"Post Secondary",IF(AND(L47="Education",L48="Associate's Degree"),"Post Secondary","")))) | G49: =IF(L48="Certifications","Certification","") -> Certification | H49: =IF(L48="Skills","Skill_1",IF(L47="Skills","Skill_2",IF(L46="Skills","Skill_3",IF(L45="Skills","Skill_4",IF(L44="Skills","Skill_5",IF(L42="Skills","Skill_6","")))))) | I49: =IF(L49="References available on request.","References","") | L49: CNA, CPR
A50: =B50&C50&F50&G50&H50&I50 | B50: ="" | C50: =IF(C$18="#N/A",NA(),IF(C$46="","",IF(AND(L50="",M50=""),"","Employment_Description_"&LEFT(RIGHT(C43,2),1)+3&RIGHT(C43,1)))) | D50: =IFERROR(INDEX('LU - Ad Hoc Baker Fix'!$D:$D,MATCH(M$46&$C50,'LU - Ad Hoc Baker Fix'!$A:$A,0)),$M50) -> 0 | E50: =IF(C50="Employment_1","September 2021 - Present",IF(C50="Employment_2","July 2020 - August 2021",IF(C50="Employment_3","April 2019 - June 2020",IF(C50="Employment_4","August 2017 - March 2019",IF(C50="Employment_5","October 2016 - July 2017",""))))) | F50: =IF(OR(AND(L47="Education",L50="2013-2017"),ISNUMBER(FIND("GED",M50))),"High School",IF(AND(L48="Education",L49="No Post-Secondary"),"Post Secondary",IF(AND(L48="Education",L49="Bachelor's Degree"),"Post Secondary",IF(AND(L48="Education",L49="Associate's Degree"),"Post Secondary","")))) | G50: =IF(L49="Certifications","Certification","") | H50: =IF(L49="Skills","Skill_1",IF(L48="Skills","Skill_2",IF(L47="Skills","Skill_3",IF(L46="Skills","Skill_4",IF(L45="Skills","Skill_5",IF(L44="Skills","Skill_6","")))))) | I50: =IF(L50="References available on request.","References","")
A51: =B51&C51&F51&G51&H51&I51 | B51: ="" | C51: =IF(C$18="#N/A",NA(),IF(C$46="","",IF(AND(L51="",M51=""),"","Employment_Description_"&LEFT(RIGHT(C44,2),1)+3&RIGHT(C44,1)))) | D51: =IFERROR(INDEX('LU - Ad Hoc Baker Fix'!$D:$D,MATCH(M$46&$C51,'LU - Ad Hoc Baker Fix'!$A:$A,0)),$M51) -> 0 | E51: =IF(C51="Employment_1","September 2021 - Present",IF(C51="Employment_2","July 2020 - August 2021",IF(C51="Employment_3","April 2019 - June 2020",IF(C51="Employment_4","August 2017 - March 2019",IF(C51="Employment_5","October 2016 - July 2017",""))))) | F51: =IF(OR(AND(L48="Education",L51="2013-2017"),ISNUMBER(FIND("GED",M51))),"High School",IF(AND(L49="Education",L50="No Post-Secondary"),"Post Secondary",IF(AND(L49="Education",L50="Bachelor's Degree"),"Post Secondary",IF(AND(L49="Education",L50="Associate's Degree"),"Post Secondary","")))) | G51: =IF(L50="Certifications","Certification","") | H51: =IF(L50="Skills","Skill_1",IF(L49="Skills","Skill_2",IF(L48="Skills","Skill_3",IF(L47="Skills","Skill_4",IF(L46="Skills","Skill_5",IF(L45="Skills","Skill_6","")))))) | I51: =IF(L51="References available on request.","References","") | L51: Skills
A52: =B52&C52&F52&G52&H52&I52 -> Skill_1 | B52: ="" | C52: ="" | E52: =IF(C52="Employment_1","September 2021 - Present",IF(C52="Employment_2","July 2020 - August 2021",IF(C52="Employment_3","April 2019 - June 2020",IF(C52="Employment_4","August 2017 - March 2019",IF(C52="Employment_5","October 2016 - July 2017",""))))) | F52: =IF(OR(AND(L49="Education",L52="2013-2017"),ISNUMBER(FIND("GED",M52))),"High School",IF(AND(L50="Education",L51="No Post-Secondary"),"Post Secondary",IF(AND(L50="Education",L51="Bachelor's Degree"),"Post Secondary",IF(AND(L50="Education",L51="Associate's Degree"),"Post Secondary","")))) | G52: =IF(L51="Certifications","Certification","") | H52: =IF(L51="Skills","Skill_1",IF(L50="Skills","Skill_2",IF(L49="Skills","Skill_3",IF(L48="Skills","Skill_4",IF(L47="Skills","Skill_5",IF(L46="Skills","Skill_6","")))))) -> Skill_1 | I52: =IF(L52="References available on request.","References","") | L52: Organized and efficient
A53: =B53&C53&F53&G53&H53&I53 -> Skill_2 | B53: ="" | C53: ="" | E53: =IF(C53="Employment_1","September 2021 - Present",IF(C53="Employment_2","July 2020 - August 2021",IF(C53="Employment_3","April 2019 - June 2020",IF(C53="Employment_4","August 2017 - March 2019",IF(C53="Employment_5","October 2016 - July 2017",""))))) | F53: =IF(OR(AND(L50="Education",L53="2013-2017"),ISNUMBER(FIND("GED",M53))),"High School",IF(AND(L51="Education",L52="No Post-Secondary"),"Post Secondary",IF(AND(L51="Education",L52="Bachelor's Degree"),"Post Secondary",IF(AND(L51="Education",L52="Associate's Degree"),"Post Secondary","")))) | G53: =IF(L52="Certifications","Certification","") | H53: =IF(L52="Skills","Skill_1",IF(L51="Skills","Skill_2",IF(L50="Skills","Skill_3",IF(L49="Skills","Skill_4",IF(L48="Skills","Skill_5",IF(L47="Skills","Skill_6","")))))) -> Skill_2 | I53: =IF(L53="References available on request.","References","") | L53: Strong work ethic
A54: =B54&C54&F54&G54&H54&I54 -> Skill_3 | B54: ="" | C54: ="" | E54: =IF(C54="Employment_1","September 2021 - Present",IF(C54="Employment_2","July 2020 - August 2021",IF(C54="Employment_3","April 2019 - June 2020",IF(C54="Employment_4","August 2017 - March 2019",IF(C54="Employment_5","October 2016 - July 2017",""))))) | F54: =IF(OR(AND(L51="Education",L54="2013-2017"),ISNUMBER(FIND("GED",M54))),"High School",IF(AND(L52="Education",L53="No Post-Secondary"),"Post Secondary",IF(AND(L52="Education",L53="Bachelor's Degree"),"Post Secondary",IF(AND(L52="Education",L53="Associate's Degree"),"Post Secondary","")))) | G54: =IF(L53="Certifications","Certification","") | H54: =IF(L53="Skills","Skill_1",IF(L52="Skills","Skill_2",IF(L51="Skills","Skill_3",IF(L50="Skills","Skill_4",IF(L49="Skills","Skill_5",IF(L48="Skills","Skill_6","")))))) -> Skill_3 | I54: =IF(L54="References available on request.","References","") | L54: Medical terminology knowledge
A55: =B55&C55&F55&G55&H55&I55 -> Skill_4 | B55: ="" | C55: ="" | E55: =IF(C55="Employment_1","September 2021 - Present",IF(C55="Employment_2","July 2020 - August 2021",IF(C55="Employment_3","April 2019 - June 2020",IF(C55="Employment_4","August 2017 - March 2019",IF(C55="Employment_5","October 2016 - July 2017",""))))) | F55: =IF(OR(AND(L52="Education",L55="2013-2017"),ISNUMBER(FIND("GED",M55))),"High School",IF(AND(L53="Education",L54="No Post-Secondary"),"Post Secondary",IF(AND(L53="Education",L54="Bachelor's Degree"),"Post Secondary",IF(AND(L53="Education",L54="Associate's Degree"),"Post Secondary","")))) | G55: =IF(L54="Certifications","Certification","") | H55: =IF(L54="Skills","Skill_1",IF(L53="Skills","Skill_2",IF(L52="Skills","Skill_3",IF(L51="Skills","Skill_4",IF(L50="Skills","Skill_5",IF(L49="Skills","Skill_6","")))))) -> Skill_4 | I55: =IF(L55="References available on request.","References","") | L55: Fast learner
A56: =B56&C56&F56&G56&H56&I56 -> Skill_5 | B56: ="" | C56: ="" | E56: =IF(C56="Employment_1","September 2021 - Present",IF(C56="Employment_2","July 2020 - August 2021",IF(C56="Employment_3","April 2019 - June 2020",IF(C56="Employment_4","August 2017 - March 2019",IF(C56="Employment_5","October 2016 - July 2017",""))))) | F56: =IF(OR(AND(L53="Education",L56="2013-2017"),ISNUMBER(FIND("GED",M56))),"High School",IF(AND(L54="Education",L55="No Post-Secondary"),"Post Secondary",IF(AND(L54="Education",L55="Bachelor's Degree"),"Post Secondary",IF(AND(L54="Education",L55="Associate's Degree"),"Post Secondary","")))) | G56: =IF(L55="Certifications","Certification","") | H56: =IF(L55="Skills","Skill_1",IF(L54="Skills","Skill_2",IF(L53="Skills","Skill_3",IF(L52="Skills","Skill_4",IF(L51="Skills","Skill_5",IF(L50="Skills","Skill_6","")))))) -> Skill_5 | I56: =IF(L56="References available on request.","References","") | L56: Clear communicator
A57: =B57&C57&F57&G57&H57&I57 -> Skill_6 | B57: ="" | C57: ="" | E57: =IF(C57="Employment_1","September 2021 - Present",IF(C57="Employment_2","July 2020 - August 2021",IF(C57="Employment_3","April 2019 - June 2020",IF(C57="Employment_4","August 2017 - March 2019",IF(C57="Employment_5","October 2016 - July 2017",""))))) | F57: =IF(OR(AND(L54="Education",L57="2013-2017"),ISNUMBER(FIND("GED",M57))),"High School",IF(AND(L55="Education",L56="No Post-Secondary"),"Post Secondary",IF(AND(L55="Education",L56="Bachelor's Degree"),"Post Secondary",IF(AND(L55="Education",L56="Associate's Degree"),"Post Secondary","")))) | G57: =IF(L56="Certifications","Certification","") | H57: =IF(L56="Skills","Skill_1",IF(L55="Skills","Skill_2",IF(L54="Skills","Skill_3",IF(L53="Skills","Skill_4",IF(L52="Skills","Skill_5",IF(L51="Skills","Skill_6","")))))) -> Skill_6 | I57: =IF(L57="References available on request.","References","") | L57: Prioritize patient care and comfort
A58: =B58&C58&F58&G58&H58&I58 | B58: ="" | C58: ="" | E58: =IF(C58="Employment_1","September 2021 - Present",IF(C58="Employment_2","July 2020 - August 2021",IF(C58="Employment_3","April 2019 - June 2020",IF(C58="Employment_4","August 2017 - March 2019",IF(C58="Employment_5","October 2016 - July 2017",""))))) | F58: =IF(OR(AND(L55="Education",L58="2013-2017"),ISNUMBER(FIND("GED",M58))),"High School",IF(AND(L56="Education",L57="No Post-Secondary"),"Post Secondary",IF(AND(L56="Education",L57="Bachelor's Degree"),"Post Secondary",IF(AND(L56="Education",L57="Associate's Degree"),"Post Secondary","")))) | G58: =IF(L57="Certifications","Certification","") | H58: =IF(L57="Skills","Skill_1",IF(L56="Skills","Skill_2",IF(L55="Skills","Skill_3",IF(L54="Skills","Skill_4",IF(L53="Skills","Skill_5",IF(L52="Skills","Skill_6","")))))) | I58: =IF(L58="References available on request.","References","")
A59: =B59&C59&F59&G59&H59&I59 -> References | B59: ="" | C59: ="" | E59: =IF(C59="Employment_1","September 2021 - Present",IF(C59="Employment_2","July 2020 - August 2021",IF(C59="Employment_3","April 2019 - June 2020",IF(C59="Employment_4","August 2017 - March 2019",IF(C59="Employment_5","October 2016 - July 2017",""))))) | F59: =IF(OR(AND(L56="Education",L59="2013-2017"),ISNUMBER(FIND("GED",M59))),"High School",IF(AND(L57="Education",L58="No Post-Secondary"),"Post Secondary",IF(AND(L57="Education",L58="Bachelor's Degree"),"Post Secondary",IF(AND(L57="Education",L58="Associate's Degree"),"Post Secondary","")))) | G59: =IF(L58="Certifications","Certification","") | H59: =IF(L58="Skills","Skill_1",IF(L57="Skills","Skill_2",IF(L56="Skills","Skill_3",IF(L55="Skills","Skill_4",IF(L54="Skills","Skill_5",IF(L53="Skills","Skill_6","")))))) | I59: =IF(L59="References available on request.","References","") -> References | L59: References available on request.
A60: =B60&C60&F60&G60&H60&I60 | B60: ="" | C60: ="" | E60: =IF(C60="Employment_1","September 2021 - Present",IF(C60="Employment_2","July 2020 - August 2021",IF(C60="Employment_3","April 2019 - June 2020",IF(C60="Employment_4","August 2017 - March 2019",IF(C60="Employment_5","October 2016 - July 2017",""))))) | F60: =IF(OR(AND(L57="Education",L60="2013-2017"),ISNUMBER(FIND("GED",M60))),"High School",IF(AND(L58="Education",L59="No Post-Secondary"),"Post Secondary",IF(AND(L58="Education",L59="Bachelor's Degree"),"Post Secondary",IF(AND(L58="Education",L59="Associate's Degree"),"Post Secondary","")))) | G60: =IF(L59="Certifications","Certification","") | H60: =IF(L59="Skills","Skill_1",IF(L58="Skills","Skill_2",IF(L57="Skills","Skill_3",IF(L56="Skills","Skill_4",IF(L55="Skills","Skill_5",IF(L54="Skills","Skill_6","")))))) | I60: =IF(L60="References available on request.","References","")
A61: =B61&C61&F61&G61&H61&I61 | B61: ="" | C61: ="" | E61: =IF(C61="Employment_1","September 2021 - Present",IF(C61="Employment_2","July 2020 - August 2021",IF(C61="Employment_3","April 2019 - June 2020",IF(C61="Employment_4","August 2017 - March 2019",IF(C61="Employment_5","October 2016 - July 2017",""))))) | F61: =IF(OR(AND(L58="Education",L61="2013-2017"),ISNUMBER(FIND("GED",M61))),"High School",IF(AND(L59="Education",L60="No Post-Secondary"),"Post Secondary",IF(AND(L59="Education",L60="Bachelor's Degree"),"Post Secondary",IF(AND(L59="Education",L60="Associate's Degree"),"Post Secondary","")))) | G61: =IF(L60="Certifications","Certification","") | H61: =IF(L60="Skills","Skill_1",IF(L59="Skills","Skill_2",IF(L58="Skills","Skill_3",IF(L57="Skills","Skill_4",IF(L56="Skills","Skill_5",IF(L55="Skills","Skill_6","")))))) | I61: =IF(L61="References available on request.","References","")
A62: =B62&C62&F62&G62&H62&I62 | B62: ="" | C62: ="" | E62: =IF(C62="Employment_1","September 2021 - Present",IF(C62="Employment_2","July 2020 - August 2021",IF(C62="Employment_3","April 2019 - June 2020",IF(C62="Employment_4","August 2017 - March 2019",IF(C62="Employment_5","October 2016 - July 2017",""))))) | F62: =IF(OR(AND(L59="Education",L62="2013-2017"),ISNUMBER(FIND("GED",M62))),"High School",IF(AND(L60="Education",L61="No Post-Secondary"),"Post Secondary",IF(AND(L60="Education",L61="Bachelor's Degree"),"Post Secondary",IF(AND(L60="Education",L61="Associate's Degree"),"Post Secondary","")))) | G62: =IF(L61="Certifications","Certification","") | H62: =IF(L61="Skills","Skill_1",IF(L60="Skills","Skill_2",IF(L59="Skills","Skill_3",IF(L58="Skills","Skill_4",IF(L57="Skills","Skill_5",IF(L56="Skills","Skill_6","")))))) | I62: =IF(L62="References available on request.","References","")
A63: =B63&C63&F63&G63&H63&I63 | B63: ="" | C63: ="" | E63: =IF(C63="Employment_1","September 2021 - Present",IF(C63="Employment_2","July 2020 - August 2021",IF(C63="Employment_3","April 2019 - June 2020",IF(C63="Employment_4","August 2017 - March 2019",IF(C63="Employment_5","October 2016 - July 2017",""))))) | F63: =IF(OR(AND(L60="Education",L63="2013-2017"),ISNUMBER(FIND("GED",M63))),"High School",IF(AND(L61="Education",L62="No Post-Secondary"),"Post Secondary",IF(AND(L61="Education",L62="Bachelor's Degree"),"Post Secondary",IF(AND(L61="Education",L62="Associate's Degree"),"Post Secondary","")))) | G63: =IF(L62="Certifications","Certification","") | H63: =IF(L62="Skills","Skill_1",IF(L61="Skills","Skill_2",IF(L60="Skills","Skill_3",IF(L59="Skills","Skill_4",IF(L58="Skills","Skill_5",IF(L57="Skills","Skill_6","")))))) | I63: =IF(L63="References available on request.","References","")
A64: =B64&C64&F64&G64&H64&I64 | B64: ="" | C64: ="" | E64: =IF(C64="Employment_1","September 2021 - Present",IF(C64="Employment_2","July 2020 - August 2021",IF(C64="Employment_3","April 2019 - June 2020",IF(C64="Employment_4","August 2017 - March 2019",IF(C64="Employment_5","October 2016 - July 2017",""))))) | F64: =IF(OR(AND(L61="Education",L64="2013-2017"),ISNUMBER(FIND("GED",M64))),"High School",IF(AND(L62="Education",L63="No Post-Secondary"),"Post Secondary",IF(AND(L62="Education",L63="Bachelor's Degree"),"Post Secondary",IF(AND(L62="Education",L63="Associate's Degree"),"Post Secondary","")))) | G64: =IF(L63="Certifications","Certification","") | H64: =IF(L63="Skills","Skill_1",IF(L62="Skills","Skill_2",IF(L61="Skills","Skill_3",IF(L60="Skills","Skill_4",IF(L59="Skills","Skill_5",IF(L58="Skills","Skill_6","")))))) | I64: =IF(L64="References available on request.","References","")
A65: =B65&C65&F65&G65&H65&I65 | B65: ="" | C65: ="" | E65: =IF(C65="Employment_1","September 2021 - Present",IF(C65="Employment_2","July 2020 - August 2021",IF(C65="Employment_3","April 2019 - June 2020",IF(C65="Employment_4","August 2017 - March 2019",IF(C65="Employment_5","October 2016 - July 2017",""))))) | F65: =IF(OR(AND(L62="Education",L65="2013-2017"),ISNUMBER(FIND("GED",M65))),"High School",IF(AND(L63="Education",L64="No Post-Secondary"),"Post Secondary",IF(AND(L63="Education",L64="Bachelor's Degree"),"Post Secondary",IF(AND(L63="Education",L64="Associate's Degree"),"Post Secondary","")))) | G65: =IF(L64="Certifications","Certification","") | H65: =IF(L64="Skills","Skill_1",IF(L63="Skills","Skill_2",IF(L62="Skills","Skill_3",IF(L61="Skills","Skill_4",IF(L60="Skills","Skill_5",IF(L59="Skills","Skill_6","")))))) | I65: =IF(L65="References available on request.","References","")
A66: =B66&C66&F66&G66&H66&I66 | B66: ="" | C66: ="" | E66: =IF(C66="Employment_1","September 2021 - Present",IF(C66="Employment_2","July 2020 - August 2021",IF(C66="Employment_3","April 2019 - June 2020",IF(C66="Employment_4","August 2017 - March 2019",IF(C66="Employment_5","October 2016 - July 2017",""))))) | F66: =IF(OR(AND(L63="Education",L66="2013-2017"),ISNUMBER(FIND("GED",M66))),"High School",IF(AND(L64="Education",L65="No Post-Secondary"),"Post Secondary",IF(AND(L64="Education",L65="Bachelor's Degree"),"Post Secondary",IF(AND(L64="Education",L65="Associate's Degree"),"Post Secondary","")))) | G66: =IF(L65="Certifications","Certification","") | H66: =IF(L65="Skills","Skill_1",IF(L64="Skills","Skill_2",IF(L63="Skills","Skill_3",IF(L62="Skills","Skill_4",IF(L61="Skills","Skill_5",IF(L60="Skills","Skill_6","")))))) | I66: =IF(L66="References available on request.","References","")
A67: =B67&C67&F67&G67&H67&I67 | B67: ="" | C67: ="" | E67: =IF(C67="Employment_1","September 2021 - Present",IF(C67="Employment_2","July 2020 - August 2021",IF(C67="Employment_3","April 2019 - June 2020",IF(C67="Employment_4","August 2017 - March 2019",IF(C67="Employment_5","October 2016 - July 2017",""))))) | F67: =IF(OR(AND(L64="Education",L67="2013-2017"),ISNUMBER(FIND("GED",M67))),"High School",IF(AND(L65="Education",L66="No Post-Secondary"),"Post Secondary",IF(AND(L65="Education",L66="Bachelor's Degree"),"Post Secondary",IF(AND(L65="Education",L66="Associate's Degree"),"Post Secondary","")))) | G67: =IF(L66="Certifications","Certification","") | H67: =IF(L66="Skills","Skill_1",IF(L65="Skills","Skill_2",IF(L64="Skills","Skill_3",IF(L63="Skills","Skill_4",IF(L62="Skills","Skill_5",IF(L61="Skills","Skill_6","")))))) | I67: =IF(L67="References available on request.","References","")
A68: =B68&C68&F68&G68&H68&I68 | B68: ="" | C68: ="" | E68: =IF(C68="Employment_1","September 2021 - Present",IF(C68="Employment_2","July 2020 - August 2021",IF(C68="Employment_3","April 2019 - June 2020",IF(C68="Employment_4","August 2017 - March 2019",IF(C68="Employment_5","October 2016 - July 2017",""))))) | F68: =IF(OR(AND(L65="Education",L68="2013-2017"),ISNUMBER(FIND("GED",M68))),"High School",IF(AND(L66="Education",L67="No Post-Secondary"),"Post Secondary",IF(AND(L66="Education",L67="Bachelor's Degree"),"Post Secondary",IF(AND(L66="Education",L67="Associate's Degree"),"Post Secondary","")))) | G68: =IF(L67="Certifications","Certification","") | H68: =IF(L67="Skills","Skill_1",IF(L66="Skills","Skill_2",IF(L65="Skills","Skill_3",IF(L64="Skills","Skill_4",IF(L63="Skills","Skill_5",IF(L62="Skills","Skill_6","")))))) | I68: =IF(L68="References available on request.","References","")
A69: =B69&C69&F69&G69&H69&I69 | B69: ="" | C69: ="" | E69: =IF(C69="Employment_1","September 2021 - Present",IF(C69="Employment_2","July 2020 - August 2021",IF(C69="Employment_3","April 2019 - June 2020",IF(C69="Employment_4","August 2017 - March 2019",IF(C69="Employment_5","October 2016 - July 2017",""))))) | F69: =IF(OR(AND(L66="Education",L69="2013-2017"),ISNUMBER(FIND("GED",M69))),"High School",IF(AND(L67="Education",L68="No Post-Secondary"),"Post Secondary",IF(AND(L67="Education",L68="Bachelor's Degree"),"Post Secondary",IF(AND(L67="Education",L68="Associate's Degree"),"Post Secondary","")))) | G69: =IF(L68="Certifications","Certification","") | H69: =IF(L68="Skills","Skill_1",IF(L67="Skills","Skill_2",IF(L66="Skills","Skill_3",IF(L65="Skills","Skill_4",IF(L64="Skills","Skill_5",IF(L63="Skills","Skill_6","")))))) | I69: =IF(L69="References available on request.","References","")
A70: =B70&C70&F70&G70&H70&I70 | B70: ="" | C70: ="" | E70: =IF(C70="Employment_1","September 2021 - Present",IF(C70="Employment_2","July 2020 - August 2021",IF(C70="Employment_3","April 2019 - June 2020",IF(C70="Employment_4","August 2017 - March 2019",IF(C70="Employment_5","October 2016 - July 2017",""))))) | F70: =IF(OR(AND(L67="Education",L70="2013-2017"),ISNUMBER(FIND("GED",M70))),"High School",IF(AND(L68="Education",L69="No Post-Secondary"),"Post Secondary",IF(AND(L68="Education",L69="Bachelor's Degree"),"Post Secondary",IF(AND(L68="Education",L69="Associate's Degree"),"Post Secondary","")))) | G70: =IF(L69="Certifications","Certification","") | H70: =IF(L69="Skills","Skill_1",IF(L68="Skills","Skill_2",IF(L67="Skills","Skill_3",IF(L66="Skills","Skill_4",IF(L65="Skills","Skill_5",IF(L64="Skills","Skill_6","")))))) | I70: =IF(L70="References available on request.","References","")
A71: =B71&C71&F71&G71&H71&I71 | B71: ="" | C71: ="" | E71: =IF(C71="Employment_1","September 2021 - Present",IF(C71="Employment_2","July 2020 - August 2021",IF(C71="Employment_3","April 2019 - June 2020",IF(C71="Employment_4","August 2017 - March 2019",IF(C71="Employment_5","October 2016 - July 2017",""))))) | F71: =IF(OR(AND(L68="Education",L71="2013-2017"),ISNUMBER(FIND("GED",M71))),"High School",IF(AND(L69="Education",L70="No Post-Secondary"),"Post Secondary",IF(AND(L69="Education",L70="Bachelor's Degree"),"Post Secondary",IF(AND(L69="Education",L70="Associate's Degree"),"Post Secondary","")))) | G71: =IF(L70="Certifications","Certification","") | H71: =IF(L70="Skills","Skill_1",IF(L69="Skills","Skill_2",IF(L68="Skills","Skill_3",IF(L67="Skills","Skill_4",IF(L66="Skills","Skill_5",IF(L65="Skills","Skill_6","")))))) | I71: =IF(L71="References available on request.","References","")
... A79: =B79&C79&F79&G79&H79&I79 | B79: ="" | C79: ="" | E79: =IF(C79="Employment_1","September 2021 - Present",IF(C79="Employment_2","July 2020 - August 2021",IF(C79="Employment_3","April 2019 - June 2020",IF(C79="Employment_4","August 2017 - March 2019",IF(C79="Employment_5","October 2016 - July 2017",""))))) | F79: =IF(OR(AND(L76="Education",L79="2013-2017"),ISNUMBER(FIND("GED",M79))),"High School",IF(AND(L77="Education",L78="No Post-Secondary"),"Post Secondary",IF(AND(L77="Education",L78="Bachelor's Degree"),"Post Secondary",IF(AND(L77="Education",L78="Associate's Degree"),"Post Secondary","")))) | G79: =IF(L78="Certifications","Certification","") | H79: =IF(L78="Skills","Skill_1",IF(L77="Skills","Skill_2",IF(L76="Skills","Skill_3",IF(L75="Skills","Skill_4",IF(L74="Skills","Skill_5",IF(L73="Skills","Skill_6","")))))) | I79: =IF(L79="References available on request.","References","")

Sheet COPY - Match 2
H1: Step Three: Copy Column H into Overleaf, starting at H3
H3: %-------------------------------------------------------------%
H4: % DOCUMENT CLASS
H5: %-------------------------------------------------------------%
H6: %
H7: % article class enables full customization of page
H8: \documentclass[a4paper,12pt]{article}
H9: % IF RESUME GOES BEYOND ONE PAGE, CHANGE TO 11PT OR 10PT ABOVE!!!
H10: %
H11: %-------------------------------------------------------------%
H12: % PACKAGES
H13: %-------------------------------------------------------------%
... H39: \Large
A40: Name | B40: =INDEX('PASTE - Match 2'!L:L,MATCH($A40,'PASTE - Match 2'!$A:$A,0)) -> Male Name 2 | C40: =INDEX('LU - Names'!$D:$D,MATCH('PASTE - Match 2'!$O$1&B40,'LU - Names'!$A:$A,0)) -> Adrian Nelson | H40: ="\hspace{-17 pt}\textbf{"&$C40&"} \\" -> \hspace{-17 pt}\textbf{Adrian Nelson} \\
H41: \large
A42: Pronouns | B42: =INDEX('PASTE - Match 2'!L:L,MATCH($A42,'PASTE - Match 2'!$A:$A,0)) -> no pronouns | H42: =IF(B42="no pronouns","%","{"&B42&"} \ $|$ \ %pronouns") -> %
A43: Location | B43: ='PASTE - Match 2'!$O$1 -> Denver, CO | H43: ="{"&B43&"} \ $|$ \ %location" -> {Denver, CO} \ $|$ \ %location
A44: Email | B44: =INDEX('LU - Emails'!B:B,MATCH(C40,'LU - Emails'!A:A,0)) -> adrian.m.nelson@outlook.com | H44: ="{"&B44&"} \ $|$ \ %email" -> {adrian.m.nelson@outlook.com} \ $|$ \ %email
A45: Phone | B45: =INDEX('PASTE - Match 2'!L:L,MATCH($A45,'PASTE - Match 2'!$A:$A,0)) -> Phone Number 2 | C45: =INDEX('LU - Phone Numbers'!D:D,MATCH(B43&B45,'LU - Phone Numbers'!A:A,0)) -> 1-720-738-0456 | H45: ="{("&LEFT(RIGHT(C45,12),3)&")-"&RIGHT(C45,8)&"} %phone" -> {(720)-738-0456} %phone
H46: %
H47: %-------------------------------------------------------------%
H48: % OBJECTIVE
H49: %-------------------------------------------------------------%
H50: =IF(C51=0,"%","\\[0.5cm]") -> %
A51: Summary | B51: =INDEX('PASTE - Match 2'!K:K,MATCH($A51,'PASTE - Match 2'!$A:$A,0)) -> 0 | C51: =INDEX('PASTE - Match 2'!L:L,MATCH($A51,'PASTE - Match 2'!$A:$A,0)) -> 0 | D51: =INDEX('PASTE - Match 2'!M:M,MATCH($A51,'PASTE - Match 2'!$A:$A,0)) -> 0 | H51: =IF(C51=0,"%",C51&" %summary") -> %
H52: %
H53: %-------------------------------------------------------------%
H54: % EXPERIENCE
H55: %-------------------------------------------------------------%
H56: \\[0.5 cm]
H57: \Large
H58: \textbf{Work Experience} \\
H59: \large
H60: =IF(ISERROR(B61),"%","\begin{tabularx}{\linewidth}{ @{}l r@{} }") -> \begin{tabularx}{\linewidth}{ @{}l r@{} }
A61: Employment_1 | B61: =INDEX('PASTE - Match 2'!E:E,MATCH($A61,'PASTE - Match 2'!$A:$A,0)) -> September 2021 - Present | C61: =INDEX('PASTE - Match 2'!M:M,MATCH($A61,'PASTE - Match 2'!$A:$A,0)) -> Certified Nursing Assistant | D61: =IF(C65="Take deliveries and make bank runs every once in a while","Company E",INDEX('PASTE - Match 2'!N:N,MATCH($A61,'PASTE - Match 2'!$A:$A,0))) -> Company D | E61: =IF(RIGHT(C61,1)=" ",LEFT(C61,LEN(C61)-1),C61) -> Certified Nursing Assistant | F61: =IF(AND(E61="Campus Security Officer",ISTEXT($E$152)),$E$152,INDEX(INDEX('LU - Company Names'!$A:$Z,,MATCH('PASTE - Match 2'!$O$1,'LU - Company Names'!$1:$1,0)),MATCH(E61&$D61,'LU - Company Names'!$A:$A,0))) -> Denver Skilled Nursing and Rehabilitation Center | H61: =IF(ISERROR(B61),"%",B61&" $~~~$ "&F61&", "&E61&" \\[3.75pt]") -> September 2021 - Present $~~~$ Denver Skilled Nursing and Rehabilitation Center, Certified Nursing Assistant \\[3.75pt]
H62: =IF(ISERROR(B61),"%","\multicolumn{2}{@{}X@{}}{") -> \multicolumn{2}{@{}X@{}}{
H63: =IF(ISERROR(B61),"%","\begin{minipage}[t]{\linewidth}") -> \begin{minipage}[t]{\linewidth}
H64: =IF(ISERROR(B61),"%"," \begin{itemize}[nosep,after=\strut, leftmargin=1em, itemsep=3pt]") -> \begin{itemize}[nosep,after=\strut, leftmargin=1em, itemsep=3pt] | L64: References available on request.
A65: Employment_Description_11 | B65: =INDEX('PASTE - Match 2'!L:L,MATCH($A65,'PASTE - Match 2'!$A:$A,0)) -> 0 | C65: =INDEX('PASTE - Match 2'!D:D,MATCH($A65,'PASTE - Match 2'!$A:$A,0)) -> Answered call lights and supported patient comfort and safety by adjusting bed rails and equipment | D65: =INDEX('PASTE - Match 2'!N:N,MATCH($A65,'PASTE - Match 2'!$A:$A,0)) -> 0 | H65: =IF(ISERROR(B61),"%"," \item[--] "&C65&" %description") -> \item[--] Answered call lights and supported patient comfort and safety by adjusting bed rails and equipment %description
A66: Employment_Description_12 | B66: =INDEX('PASTE - Match 2'!L:L,MATCH($A66,'PASTE - Match 2'!$A:$A,0)) -> 0 | C66: =INDEX('PASTE - Match 2'!D:D,MATCH($A66,'PASTE - Match 2'!$A:$A,0)) -> Promoted good oral and personal hygiene by aiding patients with shaving, bathing, and teeth brushing | D66: =INDEX('PASTE - Match 2'!N:N,MATCH($A66,'PASTE - Match 2'!$A:$A,0)) -> 0 | H66: =IF(ISERROR(B61),"%"," \item[--] "&C66&IF(OR(C67="n/a",C67="n/a ",C67="n/a ")," \nobreak\vspace{0.5em} %description"," %description")) -> \item[--] Promoted good oral and personal hygiene by aiding patients with shaving, bathing, and teeth brushing %description
A67: Employment_Description_13 | B67: =INDEX('PASTE - Match 2'!L:L,MATCH($A67,'PASTE - Match 2'!$A:$A,0)) -> 0 | C67: =INDEX('PASTE - Match 2'!D:D,MATCH($A67,'PASTE - Match 2'!$A:$A,0)) -> Checked patient vitals such as temperature, blood pressure and blood sugar levels | D67: =INDEX('PASTE - Match 2'!N:N,MATCH($A67,'PASTE - Match 2'!$A:$A,0)) -> 0 | H67: =IF(ISERROR(C67),"%",IF(OR(ISERROR(B61),C67="n/a",C67="n/a ",C67="n/a "),"%"," \item[--] "&C67&IF(OR(C68="n/a",C68="n/a ",C68="n/a ")," \nobreak\vspace{0.5em} %description"," %description"))) -> \item[--] Checked patient vitals such as temperature, blood pressure and blood sugar levels %description
A68: Employment_Description_14 | B68: =INDEX('PASTE - Match 2'!L:L,MATCH($A68,'PASTE - Match 2'!$A:$A,0)) -> 0 | C68: =INDEX('PASTE - Match 2'!D:D,MATCH($A68,'PASTE - Match 2'!$A:$A,0)) -> Cared for residents in assisted living facility and delivered high-quality support to meet needs | D68: =INDEX('PASTE - Match 2'!N:N,MATCH($A68,'PASTE - Match 2'!$A:$A,0)) -> 0 | H68: =IF(ISERROR(C68),"%",IF(OR(ISERROR(B61),C68="n/a",C68="n/a ",C68="n/a "),"%"," \item[--] "&C68&IF(OR(C69="n/a",C69="n/a ",C69="n/a ")," \nobreak\vspace{0.5em} %description"," %description"))) -> \item[--] Cared for residents in assisted living facility and delivered high-quality support to meet needs %description
A69: Employment_Description_15 | B69: =INDEX('PASTE - Match 2'!L:L,MATCH($A69,'PASTE - Match 2'!$A:$A,0)) -> 0 | C69: =INDEX('PASTE - Match 2'!D:D,MATCH($A69,'PASTE - Match 2'!$A:$A,0)) -> Practiced proper perineal care to provide comfort and skin integrity | D69: =INDEX('PASTE - Match 2'!N:N,MATCH($A69,'PASTE - Match 2'!$A:$A,0)) -> 0 | H69: =IF(ISERROR(C69),"%",IF(OR(ISERROR(B61),C69="n/a",C69="n/a ",C69="n/a "),"%"," \item[--] "&C69&" \nobreak\vspace{0.5em} %description")) -> \item[--] Practiced proper perineal care to provide comfort and skin integrity \nobreak\vspace{0.5em} %description
H70: =IF(ISERROR(B61),"%"," \end{itemize}") -> \end{itemize}
H71: =IF(ISERROR(B61),"%"," \end{minipage}") -> \end{minipage}
H72: =IF(ISERROR(B61),"%","}") -> }
H73: =IF(ISERROR(B61),"%","\end{tabularx}") -> \end{tabularx}
H74: %
H75: =IF(ISERROR(B95),"%","\\[0.25cm]") -> \\[0.25cm]
H76: %
H77: =IF(ISERROR(B78),"%","\begin{tabularx}{\linewidth}{ @{}l r@{} }") -> \begin{tabularx}{\linewidth}{ @{}l r@{} }
A78: Employment_2 | B78: =INDEX('PASTE - Match 2'!E:E,MATCH($A78,'PASTE - Match 2'!$A:$A,0)) -> July 2020 - August 2021 | C78: =INDEX('PASTE - Match 2'!M:M,MATCH($A78,'PASTE - Match 2'!$A:$A,0)) -> Host | D78: =INDEX('PASTE - Match 2'!N:N,MATCH($A78,'PASTE - Match 2'!$A:$A,0)) -> Company A | E78: =IF(RIGHT(C78,1)=" ",LEFT(C78,LEN(C78)-1),C78) -> Host | F78: =IF(AND(E78="Campus Security Officer",ISTEXT($E$152)),$E$152,INDEX(INDEX('LU - Company Names'!$A:$Z,,MATCH('PASTE - Match 2'!$O$1,'LU - Company Names'!$1:$1,0)),MATCH(E78&$D78,'LU - Company Names'!$A:$A,0))) -> Outback Steakhouse | H78: =IF(ISERROR(B78),"%",B78&" $~~~$ "&F78&", "&E78&" \\[3.75pt]") -> July 2020 - August 2021 $~~~$ Outback Steakhouse, Host \\[3.75pt]
H79: =IF(ISERROR(B78),"%","\multicolumn{2}{@{}X@{}}{") -> \multicolumn{2}{@{}X@{}}{
H80: =IF(ISERROR(B78),"%","\begin{minipage}[t]{\linewidth}") -> \begin{minipage}[t]{\linewidth}
H81: =IF(ISERROR(B78),"%"," \begin{itemize}[nosep,after=\strut, leftmargin=1em, itemsep=3pt]") -> \begin{itemize}[nosep,after=\strut, leftmargin=1em, itemsep=3pt]
A82: Employment_Description_21 | B82: =INDEX('PASTE - Match 2'!L:L,MATCH($A82,'PASTE - Match 2'!$A:$A,0)) -> 0 | C82: =INDEX('PASTE - Match 2'!D:D,MATCH($A82,'PASTE - Match 2'!$A:$A,0)) -> Responsible for greeting and seating customers, including managing wait lists | D82: =INDEX('PASTE - Match 2'!N:N,MATCH($A82,'PASTE - Match 2'!$A:$A,0)) -> 0 | H82: =IF(ISERROR(B78),"%"," \item[--] "&C82&" %description") -> \item[--] Responsible for greeting and seating customers, including managing wait lists %description
A83: Employment_Description_22 | B83: =INDEX('PASTE - Match 2'!L:L,MATCH($A83,'PASTE - Match 2'!$A:$A,0)) -> 0 | C83: =INDEX('PASTE - Match 2'!D:D,MATCH($A83,'PASTE - Match 2'!$A:$A,0)) -> Coordinate with serving staff to ensure a smooth and satisfactory service | D83: =INDEX('PASTE - Match 2'!N:N,MATCH($A83,'PASTE - Match 2'!$A:$A,0)) -> 0 | H83: =IF(ISERROR(B78),"%"," \item[--] "&C83&IF(OR(C84="n/a",C84="n/a ",C84="n/a ")," \nobreak\vspace{0.5em} %description"," %description")) -> \item[--] Coordinate with serving staff to ensure a smooth and satisfactory service %description
A84: Employment_Description_23 | B84: =INDEX('PASTE - Match 2'!L:L,MATCH($A84,'PASTE - Match 2'!$A:$A,0)) -> 0 | C84: =INDEX('PASTE - Match 2'!D:D,MATCH($A84,'PASTE - Match 2'!$A:$A,0)) -> Answered phones, recorded reservations, and resolved customer issues | D84: =INDEX('PASTE - Match 2'!N:N,MATCH($A84,'PASTE - Match 2'!$A:$A,0)) -> 0 | H84: =IF(ISERROR(C84),"%",IF(OR(ISERROR(B78),C84="n/a",C84="n/a ",C84="n/a "),"%"," \item[--] "&C84&IF(OR(C85="n/a",C85="n/a ",C85="n/a ")," \nobreak\vspace{0.5em} %description"," %description"))) -> \item[--] Answered phones, recorded reservations, and resolved customer issues \nobreak\vspace{0.5em} %description
A85: Employment_Description_24 | B85: =INDEX('PASTE - Match 2'!L:L,MATCH($A85,'PASTE - Match 2'!$A:$A,0)) -> 0 | C85: =INDEX('PASTE - Match 2'!D:D,MATCH($A85,'PASTE - Match 2'!$A:$A,0)) -> n/a | D85: =INDEX('PASTE - Match 2'!N:N,MATCH($A85,'PASTE - Match 2'!$A:$A,0)) -> 0 | H85: =IF(ISERROR(C85),"%",IF(OR(ISERROR(B78),C85="n/a",C85="n/a ",C85="n/a "),"%"," \item[--] "&C85&IF(OR(C86="n/a",C86="n/a ",C86="n/a ")," \nobreak\vspace{0.5em} %description"," %description"))) -> %
A86: Employment_Description_25 | B86: =INDEX('PASTE - Match 2'!L:L,MATCH($A86,'PASTE - Match 2'!$A:$A,0)) -> 0 | C86: =INDEX('PASTE - Match 2'!D:D,MATCH($A86,'PASTE - Match 2'!$A:$A,0)) -> n/a | D86: =INDEX('PASTE - Match 2'!N:N,MATCH($A86,'PASTE - Match 2'!$A:$A,0)) -> 0 | H86: =IF(ISERROR(C86),"%",IF(OR(ISERROR(B78),C86="n/a",C86="n/a ",C86="n/a "),"%"," \item[--] "&C86&" \nobreak\vspace{0.5em} %description")) -> %
H87: =IF(ISERROR(B78),"%"," \end{itemize}") -> \end{itemize}
H88: =IF(ISERROR(B78),"%"," \end{minipage}") -> \end{minipage}
H89: =IF(ISERROR(B78),"%","}") -> }
H90: =IF(ISERROR(B78),"%","\end{tabularx}") -> \end{tabularx}
H91: %
H92: =IF(ISERROR(B112),"%","\\[0.25cm]") -> \\[0.25cm]
H93: %
H94: =IF(ISERROR(B95),"%","\begin{tabularx}{\linewidth}{ @{}l r@{} }") -> \begin{tabularx}{\linewidth}{ @{}l r@{} }
A95: Employment_3 | B95: =INDEX('PASTE - Match 2'!E:E,MATCH($A95,'PASTE - Match 2'!$A:$A,0)) -> April 2019 - June 2020 | C95: =INDEX('PASTE - Match 2'!M:M,MATCH($A95,'PASTE - Match 2'!$A:$A,0)) -> Delivery Driver | D95: =INDEX('PASTE - Match 2'!N:N,MATCH($A95,'PASTE - Match 2'!$A:$A,0)) -> Company B | E95: =IF(RIGHT(C95,1)=" ",LEFT(C95,LEN(C95)-1),C95) -> Delivery Driver | F95: =IF(AND(E95="Campus Security Officer",ISTEXT($E$152)),$E$152,INDEX(INDEX('LU - Company Names'!$A:$Z,,MATCH('PASTE - Match 2'!$O$1,'LU - Company Names'!$1:$1,0)),MATCH(E95&$D95,'LU - Company Names'!$A:$A,0))) -> Domino's | H95: =IF(ISERROR(B95),"%",B95&" $~~~$ "&F95&", "&E95&" \\[3.75pt]") -> April 2019 - June 2020 $~~~$ Domino's, Delivery Driver \\[3.75pt]
H96: =IF(ISERROR(B95),"%","\multicolumn{2}{@{}X@{}}{") -> \multicolumn{2}{@{}X@{}}{
H97: =IF(ISERROR(B95),"%","\begin{minipage}[t]{\linewidth}") -> \begin{minipage}[t]{\linewidth}
H98: =IF(ISERROR(B95),"%"," \begin{itemize}[nosep,after=\strut, leftmargin=1em, itemsep=3pt]") -> \begin{itemize}[nosep,after=\strut, leftmargin=1em, itemsep=3pt]
A99: Employment_Description_31 | B99: =INDEX('PASTE - Match 2'!L:L,MATCH($A99,'PASTE - Match 2'!$A:$A,0)) -> 0 | C99: =INDEX('PASTE - Match 2'!D:D,MATCH($A99,'PASTE - Match 2'!$A:$A,0)) -> Deliver and follow directions to customers house | D99: =INDEX('PASTE - Match 2'!N:N,MATCH($A99,'PASTE - Match 2'!$A:$A,0)) -> 0 | H99: =IF(ISERROR(B95),"%"," \item[--] "&C99&" %description") -> \item[--] Deliver and follow directions to customers house %description
A100: Employment_Description_32 | B100: =INDEX('PASTE - Match 2'!L:L,MATCH($A100,'PASTE - Match 2'!$A:$A,0)) -> 0 | C100: =INDEX('PASTE - Match 2'!D:D,MATCH($A100,'PASTE - Match 2'!$A:$A,0)) -> Provide customer service at counter | D100: =INDEX('PASTE - Match 2'!N:N,MATCH($A100,'PASTE - Match 2'!$A:$A,0)) -> 0 | H100: =IF(ISERROR(B95),"%"," \item[--] "&C100&IF(OR(C101="n/a",C101="n/a ",C101="n/a ")," \nobreak\vspace{0.5em} %description"," %description")) -> \item[--] Provide customer service at counter %description
A101: Employment_Description_33 | B101: =INDEX('PASTE - Match 2'!L:L,MATCH($A101,'PASTE - Match 2'!$A:$A,0)) -> 0 | C101: =INDEX('PASTE - Match 2'!D:D,MATCH($A101,'PASTE - Match 2'!$A:$A,0)) -> Clean up for closing | D101: =INDEX('PASTE - Match 2'!N:N,MATCH($A101,'PASTE - Match 2'!$A:$A,0)) -> 0 | H101: =IF(ISERROR(C101),"%",IF(OR(ISERROR(B95),C101="n/a",C101="n/a ",C101="n/a "),"%"," \item[--] "&C101&IF(OR(C102="n/a",C102="n/a ",C102="n/a ")," \nobreak\vspace{0.5em} %description"," %description"))) -> \item[--] Clean up for closing \nobreak\vspace{0.5em} %description
A102: Employment_Description_34 | B102: =INDEX('PASTE - Match 2'!L:L,MATCH($A102,'PASTE - Match 2'!$A:$A,0)) -> 0 | C102: =INDEX('PASTE - Match 2'!D:D,MATCH($A102,'PASTE - Match 2'!$A:$A,0)) -> n/a | D102: =INDEX('PASTE - Match 2'!N:N,MATCH($A102,'PASTE - Match 2'!$A:$A,0)) -> 0 | H102: =IF(ISERROR(C102),"%",IF(OR(ISERROR(B95),C102="n/a",C102="n/a ",C102="n/a "),"%"," \item[--] "&C102&IF(OR(C103="n/a",C103="n/a ",C103="n/a ")," \nobreak\vspace{0.5em} %description"," %description"))) -> %
A103: Employment_Description_35 | B103: =INDEX('PASTE - Match 2'!L:L,MATCH($A103,'PASTE - Match 2'!$A:$A,0)) -> 0 | C103: =INDEX('PASTE - Match 2'!D:D,MATCH($A103,'PASTE - Match 2'!$A:$A,0)) -> n/a | D103: =INDEX('PASTE - Match 2'!N:N,MATCH($A103,'PASTE - Match 2'!$A:$A,0)) -> 0 | H103: =IF(ISERROR(C103),"%",IF(OR(ISERROR(B95),C103="n/a",C103="n/a ",C103="n/a "),"%"," \item[--] "&C103&" \nobreak\vspace{0.5em} %description")) -> %
H104: =IF(ISERROR(B95),"%"," \end{itemize}") -> \end{itemize}
H105: =IF(ISERROR(B95),"%"," \end{minipage}") -> \end{minipage}
H106: =IF(ISERROR(B95),"%","}") -> }
H107: =IF(ISERROR(B95),"%","\end{tabularx}") -> \end{tabularx}
H108: %
H109: =IF(ISERROR(B112),"%","\\[0.25cm]") -> \\[0.25cm]
H110: %
H111: =IF(ISERROR(B112),"%","\begin{tabularx}{\linewidth}{ @{}l r@{} }") -> \begin{tabularx}{\linewidth}{ @{}l r@{} }
A112: Employment_4 | B112: =INDEX('PASTE - Match 2'!E:E,MATCH($A112,'PASTE - Match 2'!$A:$A,0)) -> August 2017 - March 2019 | C112: =INDEX('PASTE - Match 2'!M:M,MATCH($A112,'PASTE - Match 2'!$A:$A,0)) -> Administrative Assistant | D112: =INDEX('PASTE - Match 2'!N:N,MATCH($A112,'PASTE - Match 2'!$A:$A,0)) -> Company A | E112: =IF(RIGHT(C112,1)=" ",LEFT(C112,LEN(C112)-1),C112) -> Administrative Assistant | F112: =IF(AND(E112="Campus Security Officer",ISTEXT($E$152)),$E$152,INDEX(INDEX('LU - Company Names'!$A:$Z,,MATCH('PASTE - Match 2'!$O$1,'LU - Company Names'!$1:$1,0)),MATCH(E112&$D112,'LU - Company Names'!$A:$A,0))) -> Denver Arthritis Clinic | H112: =IF(ISERROR(B112),"%",B112&" $~~~$ "&F112&", "&E112&" \\[3.75pt]") -> August 2017 - March 2019 $~~~$ Denver Arthritis Clinic, Administrative Assistant \\[3.75pt]
H113: =IF(ISERROR(B112),"%","\multicolumn{2}{@{}X@{}}{") -> \multicolumn{2}{@{}X@{}}{
H114: =IF(ISERROR(B112),"%","\begin{minipage}[t]{\linewidth}") -> \begin{minipage}[t]{\linewidth}
H115: =IF(ISERROR(B112),"%"," \begin{itemize}[nosep,after=\strut, leftmargin=1em, itemsep=3pt]") -> \begin{itemize}[nosep,after=\strut, leftmargin=1em, itemsep=3pt]
A116: Employment_Description_41 | B116: =INDEX('PASTE - Match 2'!L:L,MATCH($A116,'PASTE - Match 2'!$A:$A,0)) -> 0 | C116: =INDEX('PASTE - Match 2'!D:D,MATCH($A116,'PASTE - Match 2'!$A:$A,0)) -> Serve as direct assistant to Office Manager, supporting all aspects of clerical and administrative needs | D116: =INDEX('PASTE - Match 2'!N:N,MATCH($A116,'PASTE - Match 2'!$A:$A,0)) -> 0 | H116: =IF(ISERROR(B112),"%"," \item[--] "&C116&" %description") -> \item[--] Serve as direct assistant to Office Manager, supporting all aspects of clerical and administrative needs %description
A117: Employment_Description_42 | B117: =INDEX('PASTE - Match 2'!L:L,MATCH($A117,'PASTE - Match 2'!$A:$A,0)) -> 0 | C117: =INDEX('PASTE - Match 2'!D:D,MATCH($A117,'PASTE - Match 2'!$A:$A,0)) -> Alleviate executive overload by handling all patient interactions including walk-ins, email, phone, and fax coordination | D117: =INDEX('PASTE - Match 2'!N:N,MATCH($A117,'PASTE - Match 2'!$A:$A,0)) -> 0 | H117: =IF(ISERROR(B112),"%"," \item[--] "&C117&IF(OR(C118="n/a",C118="n/a ",C118="n/a ")," \nobreak\vspace{0.5em} %description"," %description")) -> \item[--] Alleviate executive overload by handling all patient interactions including walk-ins, email, phone, and fax coordination %description
A118: Employment_Description_43 | B118: =INDEX('PASTE - Match 2'!L:L,MATCH($A118,'PASTE - Match 2'!$A:$A,0)) -> 0 | C118: =INDEX('PASTE - Match 2'!D:D,MATCH($A118,'PASTE - Match 2'!$A:$A,0)) -> Screen phone calls, taking messages, assisting callers, and rerouting as needed | D118: =INDEX('PASTE - Match 2'!N:N,MATCH($A118,'PASTE - Match 2'!$A:$A,0)) -> 0 | H118: =IF(ISERROR(C118),"%",IF(OR(ISERROR(B112),C118="n/a",C118="n/a ",C118="n/a "),"%"," \item[--] "&C118&IF(OR(C119="n/a",C119="n/a ",C119="n/a ")," \nobreak\vspace{0.5em} %description"," %description"))) -> \item[--] Screen phone calls, taking messages, assisting callers, and rerouting as needed %description
A119: Employment_Description_44 | B119: =INDEX('PASTE - Match 2'!L:L,MATCH($A119,'PASTE - Match 2'!$A:$A,0)) -> 0 | C119: =INDEX('PASTE - Match 2'!D:D,MATCH($A119,'PASTE - Match 2'!$A:$A,0)) -> Act as the first step in Billing by collecting accurate demographic and insurance information from patients | D119: =INDEX('PASTE - Match 2'!N:N,MATCH($A119,'PASTE - Match 2'!$A:$A,0)) -> 0 | H119: =IF(ISERROR(C119),"%",IF(OR(ISERROR(B112),C119="n/a",C119="n/a ",C119="n/a "),"%"," \item[--] "&C119&IF(OR(C120="n/a",C120="n/a ",C120="n/a ")," \nobreak\vspace{0.5em} %description"," %description"))) -> \item[--] Act as the first step in Billing by collecting accurate demographic and insurance information from patients \nobreak\vspace{0.5em} %description
A120: Employment_Description_45 | B120: =INDEX('PASTE - Match 2'!L:L,MATCH($A120,'PASTE - Match 2'!$A:$A,0)) -> 0 | C120: =INDEX('PASTE - Match 2'!D:D,MATCH($A120,'PASTE - Match 2'!$A:$A,0)) -> n/a | D120: =INDEX('PASTE - Match 2'!N:N,MATCH($A120,'PASTE - Match 2'!$A:$A,0)) -> 0 | H120: =IF(ISERROR(C120),"%",IF(OR(ISERROR(B112),C120="n/a",C120="n/a ",C120="n/a "),"%"," \item[--] "&C120&" \nobreak\vspace{0.5em} %description")) -> %
H121: =IF(ISERROR(B112),"%"," \end{itemize}") -> \end{itemize}
H122: =IF(ISERROR(B112),"%"," \end{minipage}") -> \end{minipage}
H123: =IF(ISERROR(B112),"%","}") -> }
H124: =IF(ISERROR(B112),"%","\end{tabularx}") -> \end{tabularx}
H125: %
H126: =IF(ISERROR(B130),"%","\\[0.25cm]") -> %
...

Sheet LU - Company Names
A1: ID1 | B1: ID2 | C1: Position | D1: Company | E1: Seattle, WA | F1: Spokane, WA | G1: Salt Lake City, UT | H1: Provo, UT | I1: Denver, CO | J1: Colorado Springs, CO
A2: =C2&D2 -> ReceptionistCompany A | B2: =C2&" "&D2 -> Receptionist Company A | C2: Receptionist | D2: Company A | E2: H\&R Block | F2: H\&R Block | G2: H\&R Block | H2: H\&R Block | I2: H\&R Block | J2: H\&R Block
A3: =C3&D3 -> Front Desk ReceptionistCompany B | B3: =C3&" "&D3 -> Front Desk Receptionist Company B | C3: Front Desk Receptionist | D3: Company B | E3: LaVida Massage | F3: Elements Massage | G3: The Spa at Four Seasons | H3: Massage Envy | I3: Massage Envy | J3: Massage Envy
A4: =C4&D4 -> Medical ReceptionistCompany C | B4: =C4&" "&D4 -> Medical Receptionist Company C | C4: Medical Receptionist | D4: Company C | E4: Sea Mar Community Health Centers | F4: Excelsior Family Medicine | G4: ENT Center of Utah | H4: Mountainlands Family Health Center | I4: A Better Back Clinic | J4: Peak Vista Community Health Centers
A5: =C5&D5 -> ReceptionistCompany D | B5: =C5&" "&D5 -> Receptionist Company D | C5: Receptionist | D5: Company D | E5: Greenlake Primary Care | F5: Rockwood Pediatric Clinic | G5: Pure Dermatology | H5: Family Care Center | I5: The Thyroid Clinic | J5: Revere Health
A6: =C6&D6 -> ReceptionistCompany E | B6: =C6&" "&D6 -> Receptionist Company E | C6: Receptionist | D6: Company E | E6: Holiday Inn | F6: Holiday Inn | G6: Holiday Inn | H6: Holiday Inn | I6: Holiday Inn | J6: Holiday Inn
A7: =C7&D7 -> Front Desk ReceptionistCompany F | B7: =C7&" "&D7 -> Front Desk Receptionist Company F | C7: Front Desk Receptionist | D7: Company F | E7: Planet Fitness | F7: Planet Fitness | G7: Planet Fitness | H7: Planet Fitness | I7: Planet Fitness | J7: Planet Fitness
A8: =C8&D8 -> Medical ReceptionistCompany G | B8: =C8&" "&D8 -> Medical Receptionist Company G | C8: Medical Receptionist | D8: Company G | E8: MultiCare Health System | F8: Roth Medical Clinic | G8: Holladay Healthcare Center | H8: Premier Family Medical | I8: Arbor Family Medicine | J8: Matthews Vu Medical Group
A9: =C9&D9 -> Dental ReceptionistCompany H | B9: =C9&" "&D9 -> Dental Receptionist Company H | C9: Dental Receptionist | D9: Company H | E9: Etheridge Family Dentistry | F9: Maple Street Family Dentistry | G9: Comfort Dental | H9: Comfort Dental | I9: Monarch Dental \& Orthodontics | J9: The Springs Modern Dentistry
A10: =C10&D10 -> Dental ReceptionistCompany I | B10: =C10&" "&D10 -> Dental Receptionist Company I | C10: Dental Receptionist | D10: Company I | E10: Seattle Dental Co. | F10: NorthView Family Dental | G10: City Center Dental | H10: Cougar Dental | I10: The Denver Dentists | J10: SmileCOS Dentistry
A11: =C11&D11 -> Veterinary ReceptionistCompany J | B11: =C11&" "&D11 -> Veterinary Receptionist Company J | C11: Veterinary Receptionist | D11: Company J | E11: Broadway Veterinary Hospital | F11: Hunter Veterinary Clinic | G11: CityVet | H11: Bear Creek Veterinary Hospital | I11: Sugar House Veterinary Hospital | J11: Park Animal Hospital
A12: =C12&D12 -> ReceptionistCompany K | B12: =C12&" "&D12 -> Receptionist Company K | C12: Receptionist | D12: Company K | E12: Days Inn | F12: Days Inn | G12: Days Inn | H12: Days Inn | I12: Days Inn | J12: Days Inn
A13: =C13&D13 -> ReceptionistCompany L | B13: =C13&" "&D13 -> Receptionist Company L | C13: Receptionist | D13: Company L | E13: Cogir of Queen Anne | F13: Fairwinds Retirement Community | G13: Peaks at Millcreek | H13: Summerfield Retirement | I13: San Marino Retirement Community | J13: Winslow Court Retirement Community | L13: retirement!
A14: =C14&D14 | B14: =C14&" "&D14
A15: =C15&D15 -> ReceptionistCompany B | B15: =C15&" "&D15 -> Receptionist Company B | C15: Receptionist | D15: Company B | E15: LaVida Massage | F15: Elements Massage | G15: The Spa at Four Seasons | H15: Massage Envy | I15: Massage Envy | J15: Massage Envy | K15: Repeated above in case template files are wrong
A16: =C16&D16 -> ReceptionistCompany C | B16: =C16&" "&D16 -> Receptionist Company C | C16: Receptionist | D16: Company C | E16: Sea Mar Community Health Centers | F16: Excelsior Family Medicine | G16: A Better Back Clinic | H16: Peak Vista Community Health Centers | I16: ENT Center of Utah | J16: Mountainlands Family Health Center
A17: =C17&D17 -> ReceptionistCompany F | B17: =C17&" "&D17 -> Receptionist Company F | C17: Receptionist | D17: Company F | E17: Planet Fitness | F17: Planet Fitness | G17: Planet Fitness | H17: Planet Fitness | I17: Planet Fitness | J17: Planet Fitness
A18: =C18&D18 -> ReceptionistCompany G | B18: =C18&" "&D18 -> Receptionist Company G | C18: Receptionist | D18: Company G | E18: MultiCare Health System | F18: Roth Medical Clinic | G18: Arbor Family Medicine | H18: Matthews Vu Medical Group | I18: Holladay Healthcare Center | J18: Premier Family Medical
A19: =C19&D19 -> ReceptionistCompany H | B19: =C19&" "&D19 -> Receptionist Company H | C19: Receptionist | D19: Company H | E19: Etheridge Family Dentistry | F19: Maple Street Family Dentistry | G19: Comfort Dental | H19: Comfort Dental | I19: Monarch Dental \& Orthodontics | J19: Provo Dental
A20: =C20&D20 -> ReceptionistCompany I | B20: =C20&" "&D20 -> Receptionist Company I | C20: Receptionist | D20: Company I | E20: Seattle Dental Co. | F20: NorthView Family Dental | G20: City Center Dental | H20: Cougar Dental | I20: The Denver Dentists | J20: SmileCOS Dentistry
A21: =C21&D21 -> ReceptionistCompany J | B21: =C21&" "&D21 -> Receptionist Company J | C21: Receptionist | D21: Company J | E21: Broadway Veterinary Hospital | F21: Hunter Veterinary Clinic | G21: CityVet | H21: Bear Creek Veterinary Hospital | I21: Sugar House Veterinary Hospital | J21: Park Animal Hospital
A22: =C22&D22 | B22: =C22&" "&D22
A23: =C23&D23 -> Front Desk ReceptionistCompany A | B23: =C23&" "&D23 -> Front Desk Receptionist Company A | C23: Front Desk Receptionist | D23: Company A | E23: H\&R Block | F23: H\&R Block | G23: H\&R Block | H23: H\&R Block | I23: H\&R Block | J23: H\&R Block | K23: Repeated above in case template files are wrong
A24: =C24&D24 -> Front Desk ReceptionistCompany D | B24: =C24&" "&D24 -> Front Desk Receptionist Company D | C24: Front Desk Receptionist | D24: Company D | E24: Greenlake Primary Care | F24: Rockwood Pediatric Clinic | G24: Pure Dermatology | H24: Family Care Center | I24: The Thyroid Clinic | J24: Revere Health
A25: =C25&D25 -> Front Desk ReceptionistCompany E | B25: =C25&" "&D25 -> Front Desk Receptionist Company E | C25: Front Desk Receptionist | D25: Company E | E25: Holiday Inn | F25: Holiday Inn | G25: Holiday Inn | H25: Holiday Inn | I25: Holiday Inn | J25: Holiday Inn
A26: =C26&D26 -> Front Desk ReceptionistCompany K | B26: =C26&" "&D26 -> Front Desk Receptionist Company K | C26: Front Desk Receptionist | D26: Company K | E26: Days Inn | F26: Days Inn | G26: Days Inn | H26: Days Inn | I26: Days Inn | J26: Days Inn
A27: =C27&D27 -> Front Desk ReceptionistCompany L | B27: =C27&" "&D27 -> Front Desk Receptionist Company L | C27: Front Desk Receptionist | D27: Company L | E27: Cogir of Queen Anne | F27: Fairwinds Retirement Community | G27: Peaks at Millcreek | H27: Summerfield Retirement | I27: San Marino Retirement Community | J27: Winslow Court Retirement Community
A28: =C28&D28 | B28: =C28&" "&D28
A29: =C29&D29 -> CashierCompany A | B29: =C29&" "&D29 -> Cashier Company A | C29: Cashier | D29: Company A | E29: Home Depot | F29: Home Depot | G29: Home Depot | H29: Home Depot | I29: Home Depot | J29: Home Depot
A30: =C30&D30 -> CashierCompany B | B30: =C30&" "&D30 -> Cashier Company B | C30: Cashier | D30: Company B | E30: Walmart | F30: Walmart | G30: Walmart | H30: Walmart | I30: Walmart | J30: Walmart
A31: =C31&D31 -> CashierCompany C | B31: =C31&" "&D31 -> Cashier Company C | C31: Cashier | D31: Company C | E31: Safeway | F31: Safeway | G31: Safeway | H31: Safeway | I31: Macey's | J31: Macey's
A32: =C32&D32 -> CashierCompany D | B32: =C32&" "&D32 -> Cashier Company D | C32: Cashier | D32: Company D | E32: Target | F32: Target | G32: Target | H32: Target | I32: Target | J32: Target
A33: =C33&D33 -> CashierCompany E | B33: =C33&" "&D33 -> Cashier Company E | C33: Cashier | D33: Company E | E33: Dollar Tree | F33: Dollar Tree | G33: Dollar Tree | H33: Dollar Tree | I33: Dollar Tree | J33: Dollar Tree
A34: =C34&D34 -> CashierCompany F | B34: =C34&" "&D34 -> Cashier Company F | C34: Cashier | D34: Company F | E34: QFC | F34: Rosauers | G34: Smith's | H34: Smith's | I34: King Soopers | J34: King Soopers
A35: =C35&D35 -> CashierCompany G | B35: =C35&" "&D35 -> Cashier Company G | C35: Cashier | D35: Company G | E35: McDonald's | F35: McDonald's | G35: McDonald's | H35: McDonald's | I35: McDonald's | J35: McDonald's
A36: =C36&D36 -> CashierCompany H | B36: =C36&" "&D36 -> Cashier Company H | C36: Cashier | D36: Company H | E36: Wendy's | F36: Wendy's | G36: Wendy's | H36: Wendy's | I36: Wendy's | J36: Wendy's
A37: =C37&D37 -> CashierCompany I | B37: =C37&" "&D37 -> Cashier Company I | C37: Cashier | D37: Company I | E37: Taco Bell | F37: Taco Bell | G37: Taco Bell | H37: Taco Bell | I37: Taco Bell | J37: Taco Bell
A38: =C38&D38 -> CashierCompany J | B38: =C38&" "&D38 -> Cashier Company J | C38: Cashier | D38: Company J | E38: 7-Eleven | F38: 7-Eleven | G38: 7-Eleven | H38: 7-Eleven | I38: 7-Eleven | J38: 7-Eleven
A39: =C39&D39 | B39: =C39&" "&D39
A40: =C40&D40 -> HousekeeperCompany A | B40: =C40&" "&D40 -> Housekeeper Company A | C40: Housekeeper | D40: Company A | E40: Marriott | F40: Marriott | G40: Marriott | H40: Marriott | I40: Marriott | J40: Marriott
A41: =C41&D41 -> HousekeeperCompany B | B41: =C41&" "&D41 -> Housekeeper Company B | C41: Housekeeper | D41: Company B | E41: Motel 6 | F41: Motel 6 | G41: Motel 6 | H41: Motel 6 | I41: Motel 6 | J41: Motel 6
A42: =C42&D42 -> HousekeeperCompany C | B42: =C42&" "&D42 -> Housekeeper Company C | C42: Housekeeper | D42: Company C | E42: Merry Maids | F42: Merry Maids | G42: Merry Maids | H42: Merry Maids | I42: Merry Maids | J42: Merry Maids
A43: =C43&D43 -> HousekeeperCompany D | B43: =C43&" "&D43 -> Housekeeper Company D | C43: Housekeeper | D43: Company D | E43: Quality Inn | F43: Quality Inn | G43: Quality Inn | H43: Quality Inn | I43: Quality Inn | J43: Quality Inn
A44: =C44&D44 -> HousekeeperCompany E | B44: =C44&" "&D44 -> Housekeeper Company E | C44: Housekeeper | D44: Company E | E44: Hampton Inn | F44: Hampton Inn | G44: Hampton Inn | H44: Hampton Inn | I44: Hampton Inn | J44: Hampton Inn
A45: =C45&D45 -> HousekeeperCompany F | B45: =C45&" "&D45 -> Housekeeper Company F | C45: Housekeeper | D45: Company F | E45: Warwick Seattle | F45: The Davenport Grand | G45: The Little American Hotel | H45: Springhill Suites | I45: the Curtis Denver | J45: The Antlers
A46: =C46&D46 -> HousekeeperCompany G | B46: =C46&" "&D46 -> Housekeeper Company G | C46: Housekeeper | D46: Company G | E46: Super 8 | F46: Super 8 | G46: Super 8 | H46: Super 8 | I46: Super 8 | J46: Super 8
A47: =C47&D47 -> HousekeeperCompany H | B47: =C47&" "&D47 -> Housekeeper Company H | C47: Housekeeper | D47: Company H | E47: Best Western | F47: Best Western | G47: Best Western | H47: Best Western | I47: Best Western | J47: Best Western
A48: =C48&D48 -> HousekeeperCompany I | B48: =C48&" "&D48 -> Housekeeper Company I | C48: Housekeeper | D48: Company I | E48: Molly Maid | F48: The Cleaning Authority | G48: Molly Maid | H48: The Cleaning Authority | I48: Alpine Maids | J48: Maid to Shine
A49: =C49&D49 -> HousekeeperCompany J | B49: =C49&" "&D49 -> Housekeeper Company J | C49: Housekeeper | D49: Company J | E49: Susan's Green Cleaning | F49: Two Maids | G49: Queen of Maids Salt Lake | H49: Sage Cleaner | I49: Denver Cleaning Service Company | J49: CottageCare Colorado Springs
A50: =C50&D50 | B50: =C50&" "&D50
A51: =C51&D51 -> Certified Nursing AssistantCompany A | B51: =C51&" "&D51 -> Certified Nursing Assistant Company A | C51: Certified Nursing Assistant | D51: Company A | E51: Seattle Children's Hospital | F51: Sacred Heart Children's Hospital | G51: University of Utah Hospital | H51: Utah Valley Hospital | I51: The University of Colorado Hospital | J51: Children's Hospital Colorado
A52: =C52&D52 -> Certified Nursing AssistantCompany B | B52: =C52&" "&D52 -> Certified Nursing Assistant Company B | C52: Certified Nursing Assistant | D52: Company B | E52: Quail Park Memory Care | F52: Fairview Assisted Living | G52: Sarah Daft Home | H52: Provo Assisted Living | I52: HighPointe Assisted Living | J52: MorningStar Assisted Living
A53: =C53&D53 -> Certified Nursing AssistantCompany C | B53: =C53&" "&D53 -> Certified Nursing Assistant Company C | C53: Certified Nursing Assistant | D53: Company C | E53: Gentiva Hospice | F53: Horizon Hospice \& Palliative Care | G53: Bristol Hospice | H53: Symbii Hospice \& Home Health | I53: Gentiva Hospice | J53: Gentiva Hospice
A54: =C54&D54 -> Certified Nursing AssistantCompany D | B54: =C54&" "&D54 -> Certified Nursing Assistant Company D | C54: Certified Nursing Assistant | D54: Company D | E54: Transitional Care Center of Seattle | F54: St. Joseph Care Center | G54: St Mark's Hospital | H54: Provo Rehabilitataion \& Nursing | I54: Denver Skilled Nursing and Rehabilitation Center | J54: Springs Village Care Center
A55: =C55&D55 -> Certified Nursing AssistantCompany E | B55: =C55&" "&D55 -> Certified Nursing Assistant Company E | C55: Certified Nursing Assistant | D55: Company E | E55: Aegis Living Madison | F55: Providence Emilie Court Assisted Living | G55: Capitol Hill Assisted \& Senior Living | H55: Cove Point Retirement | I55: The Argyle | J55: The Bridge at Colorado Springs
A56: =C56&D56 -> Certified Nursing AssistantCompany F | B56: =C56&" "&D56 -> Certified Nursing Assistant Company F | C56: Certified Nursing Assistant | D56: Company F | E56: Virginia's Mason Medical Center | F56: Providence Holy Family Hospital | G56: LDS Hospital | H56: Utah State Hospital | I56: Denver Health | J56: Centura-St. Francis Hospital
A57: =C57&D57 -> Certified Nursing AssistantCompany G | B57: =C57&" "&D57 -> Certified Nursing Assistant Company G | C57: Certified Nursing Assistant | D57: Company G | E57: Providence Hospice of Seattle | F57: Hospice of Spokane | G57: Hospice for Utah | H57: Yarrow Hospice \& Palliative Care | I57: The Denver Hospice | J57: Abode Hospice
A58: =C58&D58 -> Certified Nursing AssistantCompany H | B58: =C58&" "&D58 -> Certified Nursing Assistant Company H | C58: Certified Nursing Assistant | D58: Company H | E58: Truewood by Merrill | F58: Maplewood Gardens | G58: Twin Oaks Senior Living | H58: Courtyard at Jamestown Assisted Living | I58: Legend of Broomfield | J58: The Lodge at Palmer Point
A59: =C59&D59 -> Certified Nursing AssistantCompany I | B59: =C59&" "&D59 -> Certified Nursing Assistant Company I | C59: Certified Nursing Assistant | D59: Company I | E59: Kindred Hospital Seattle | F59: Mann-Grandstaff VA Medical Center | G59: Holy Cross Hospital | H59: Utah Valley Specialty Hospital | I59: Kindred Hospital Denver | J59: Centura Penrose Hospital
A60: =C60&D60 -> Certified Nursing AssistantCompany J | B60: =C60&" "&D60 -> Certified Nursing Assistant Company J | C60: Certified Nursing Assistant | D60: Company J | E60: Brookdale West | F60: South Hill Village | G60: Legacy Village of Sugar House | H60: Legacy Village of Provo | I60: The Belleview Senior Living | J60: Retreat at Sunny Vista
A61: =C61&D61 | B61: =C61&" "&D61
A62: =C62&D62 -> Administrative AssistantCompany A | B62: =C62&" "&D62 -> Administrative Assistant Company A | C62: Administrative Assistant | D62: Company A | E62: The Seattle Arthritis Clinic | F62: Arthritis Northwest | G62: Hofmann Arthritis Clinic | H62: Arthritis Center of Central Utah | I62: Denver Arthritis Clinic | J62: Arthritis Association of Colorado Springs
A63: =C63&D63 -> Administrative AssistantCompany B | B63: =C63&" "&D63 -> Administrative Assistant Company B | C63: Administrative Assistant | D63: Company B | E63: H\&R Block | F63: H\&R Block | G63: H\&R Block | H63: H\&R Block | I63: H\&R Block | J63: H\&R Block
A64: =C64&D64 -> Administrative AssistantCompany C | B64: =C64&" "&D64 -> Administrative Assistant Company C | C64: Administrative Assistant | D64: Company C | E64: Lake Washington Physical Therapy | F64: Inspire Physical \& Hand Therapy | G64: Mountain Land Physical Therapy | H64: Bushnell Physical Therapy | I64: Integral Physical Therapy | J64: Select Physical Therapy
A65: =C65&D65 -> Administrative AssistantCompany D | B65: =C65&" "&D65 -> Administrative Assistant Company D | C65: Administrative Assistant | D65: Company D | E65: Wellspring Family Services | F65: Children \& Family Services | G65: LDS Family Services | H65: LDS Family Services | I65: Denver Human Services | J65: Family Resource Network
A66: =C66&D66 -> Administrative AssistantCompany E | B66: =C66&" "&D66 -> Administrative Assistant Company E | C66: Administrative Assistant | D66: Company E | E66: Navigate Community Management, AAMC | F66: HomeRiver Group Spokane Property Management | G66: Peaceful Property Management | H66: FCS Community Management | I66: ACCU Inc. | J66: Diversified Association Management
A67: =C67&D67 -> Administrative AssistantCompany F | B67: =C67&" "&D67 -> Administrative Assistant Company F | C67: Administrative Assistant | D67: Company F | E67: Rehabilitation Institute of Washington | F67: Providence St. Luke's Rehabilitation Institute | G67: First Step House | H67: Alpine Recovery Lodge | I67: The Raleigh House | J67: Peaks Recovery Centers
A68: =C68&D68 -> Administrative AssistantCompany G | B68: =C68&" "&D68 -> Administrative Assistant Company G | C68: Administrative Assistant | D68: Company G | E68: PeopleReady | F68: PeopleReady | G68: PeopleReady | H68: PeopleReady | I68: PeopleReady | J68: PeopleReady
A69: =C69&D69 -> Administrative AssistantCompany H | B69: =C69&" "&D69 -> Administrative Assistant Company H | C69: Administrative Assistant | D69: Company H | E69: Washington State Social \& Health Services | F69: Department of Social \& Health Services | G69: Utah Department of Health \& Human Services | H69: Utah County Health Department | I69: Health First Colorado | J69: El Paso Public Health
A70: =C70&D70 -> Administrative AssistantCompany I | B70: =C70&" "&D70 -> Administrative Assistant Company I | C70: Administrative Assistant | D70: Company I | E70: Cedarbrook Lodge | F70: Mirabeau Park Hotel \& Convention Center | G70: Solitude Mountain Resort | H70: Sundance Resort | I70: Alpen Way Chalet Mountain Lodge | J70: Cheyenne Mountain Resort
A71: =C71&D71 -> Administrative AssistantCompany J | B71: =C71&" "&D71 -> Administrative Assistant Company J | C71: Administrative Assistant | D71: Company J | E71: Express Employment | F71: Express Employment | G71: Express Employment | H71: Express Employment | I71: Express Employment | J71: Express Employment
A72: =C72&D72 | B72: =C72&" "&D72
A73: =C73&D73 -> Sales AssociateCompany A | B73: =C73&" "&D73 -> Sales Associate Company A | C73: Sales Associate | D73: Company A | E73: JCPenney | F73: JCPenney | G73: JCPenney | H73: JCPenney | I73: JCPenney | J73: JCPenney
A74: =C74&D74 -> Sales AssociateCompany B | B74: =C74&" "&D74 -> Sales Associate Company B | C74: Sales Associate | D74: Company B | E74: Old Navy | F74: Old Navy | G74: Old Navy | H74: Old Navy | I74: Old Navy | J74: Old Navy
A75: =C75&D75 -> Sales AssociateCompany C | B75: =C75&" "&D75 -> Sales Associate Company C | C75: Sales Associate | D75: Company C | E75: Lowe's Home Improvement | F75: Lowe's Home Improvement | G75: Lowe's Home Improvement | H75: Lowe's Home Improvement | I75: Lowe's Home Improvement | J75: Lowe's Home Improvement
A76: =C76&D76 -> Sales AssociateCompany D | B76: =C76&" "&D76 -> Sales Associate Company D | C76: Sales Associate | D76: Company D | E76: Staples | F76: Staples | G76: Staples | H76: Staples | I76: Staples | J76: Staples
A77: =C77&D77 -> Sales AssociateCompany E | B77: =C77&" "&D77 -> Sales Associate Company E | C77: Sales Associate | D77: Company E | E77: Big 5 Sporting Goods | F77: Big 5 Sporting Goods | G77: Big 5 Sporting Goods | H77: Big 5 Sporting Goods | I77: Big 5 Sporting Goods | J77: Big 5 Sporting Goods
A78: =C78&D78 -> Sales AssociateCompany F | B78: =C78&" "&D78 -> Sales Associate Company F | C78: Sales Associate | D78: Company F | E78: Bath \& Body Works | F78: Bath \& Body Works | G78: Bath \& Body Works | H78: Bath \& Body Works | I78: Bath \& Body Works | J78: Bath \& Body Works
A79: =C79&D79 -> Sales AssociateCompany G | B79: =C79&" "&D79 -> Sales Associate Company G | C79: Sales Associate | D79: Company G | E79: H\&M | F79: H\&M | G79: H\&M | H79: H\&M | I79: H\&M | J79: H\&M
A80: =C80&D80 -> Sales AssociateCompany H | B80: =C80&" "&D80 -> Sales Associate Company H | C80: Sales Associate | D80: Company H | E80: Ross Dress for Less | F80: Ross Dress for Less | G80: Ross Dress for Less | H80: Ross Dress for Less | I80: Ross Dress for Less | J80: Ross Dress for Less
A81: =C81&D81 -> Sales AssociateCompany I | B81: =C81&" "&D81 -> Sales Associate Company I | C81: Sales Associate | D81: Company I | E81: Kohl's | F81: Kohl's | G81: Kohl's | H81: Kohl's | I81: Kohl's | J81: Kohl's
A82: =C82&D82 -> Sales AssociateCompany J | B82: =C82&" "&D82 -> Sales Associate Company J | C82: Sales Associate | D82: Company J | E82: Mor Furniture for Less | F82: Mor Furniture for Less | G82: Ashley Store | H82: Ashley Store | I82: Woodley's Fine Furniture | J82: Woodley's Fine Furniture
A83: =C83&D83 | B83: =C83&" "&D83
A84: =C84&D84 -> ServerCompany A | B84: =C84&" "&D84 -> Server Company A | C84: Server | D84: Company A | E84: Red Robin | F84: Red Robin | G84: Red Robin | H84: Red Robin | I84: Red Robin | J84: Red Robin
A85: =C85&D85 -> ServerCompany B | B85: =C85&" "&D85 -> Server Company B | C85: Server | D85: Company B | E85: Olive Garden | F85: Olive Garden | G85: Olive Garden | H85: Olive Garden | I85: Olive Garden | J85: Olive Garden
A86: =C86&D86 -> ServerCompany C | B86: =C86&" "&D86 -> Server Company C | C86: Server | D86: Company C | E86: Tilikum Place Café | F86: The Yards Bruncheon | G86: IHOP | H86: IHOP | I86: IHOP | J86: IHOP
A87: =C87&D87 -> ServerCompany D | B87: =C87&" "&D87 -> Server Company D | C87: Server | D87: Company D | E87: Portage Bay Café | F87: Dolly's Café | G87: Eggs in the City | H87: Guru's Café | I87: Jelly Café | J87: New Day Café | K87: Applebee's
A88: =C88&D88 -> ServerCompany E | B88: =C88&" "&D88 -> Server Company E | C88: Server | D88: Company E | E88: Buffalo Wild Wings | F88: Buffalo Wild Wings | G88: Café Niche | H88: Waffle Love | I88: Four Friends Eatery | J88: Urban Egg | K88: Buffalo Wild Wings
A89: =C89&D89 -> ServerCompany F | B89: =C89&" "&D89 -> Server Company F | C89: Server | D89: Company F | E89: The White Swan Public House | F89: Saranac Public House | G89: The Dodo Restaurant | H89: Mozz Artisan Pizza | I89: Acova | J89: Odyssey Gastropub
A90: =C90&D90 -> ServerCompany G | B90: =C90&" "&D90 -> Server Company G | C90: Server | D90: Company G | E90: Red Lobster | F90: Red Lobster | G90: Red Lobster | H90: Red Lobster | I90: Red Lobster | J90: Red Lobster
A91: =C91&D91 -> ServerCompany H | B91: =C91&" "&D91 -> Server Company H | C91: Server | D91: Company H | E91: Outback Steakhouse | F91: Outback Steakhouse | G91: Outback Steakhouse | H91: Outback Steakhouse | I91: Outback Steakhouse | J91: Outback Steakhouse
A92: =C92&D92 -> ServerCompany I | B92: =C92&" "&D92 -> Server Company I | C92: Server | D92: Company I | E92: Spinasse | F92: Italia Trattoria | G92: Stanza Italian Bistro \& Wine Bar | H92: La Jolla Groves | I92: Coperta | J92: Ristorante Del Lago
A93: =C93&D93 -> ServerCompany J | B93: =C93&" "&D93 -> Server Company J | C93: Server | D93: Company J | E93: Bateau | F93: Luna | G93: PAGO 9th \& 9th | H93: Block Restaurant | I93: Bittersweet | J93: Carlos Bistro
A94: =C94&D94 | B94: =C94&" "&D94
A95: =C95&D95 -> CookCompany A | B95: =C95&" "&D95 -> Cook Company A | C95: Cook | D95: Company A | E95: Wingstop | F95: Wingstop | G95: Wingstop | H95: Wingstop | I95: Wingstop | J95: Wingstop
A96: =C96&D96 -> Line CookCompany B | B96: =C96&" "&D96 -> Line Cook Company B | C96: Line Cook | D96: Company B | E96: Burger King | F96: Burger King | G96: Burger King | H96: Burger King | I96: Burger King | J96: Burger King
A97: =C97&D97 -> CookCompany C | B97: =C97&" "&D97 -> Cook Company C | C97: Cook | D97: Company C | E97: Red Lobster | F97: Red Lobster | G97: Red Lobster | H97: Red Lobster | I97: Red Lobster | J97: Red Lobster
A98: =C98&D98 -> Prep CookCompany D | B98: =C98&" "&D98 -> Prep Cook Company D | C98: Prep Cook | D98: Company D | E98: Carl's Jr. | F98: Carl's Jr. | G98: Carl's Jr. | H98: Carl's Jr. | I98: Carl's Jr. | J98: Carl's Jr.
A99: =C99&D99 -> Line CookCompany E | B99: =C99&" "&D99 -> Line Cook Company E | C99: Line Cook | D99: Company E | E99: Hampton Inn | F99: Hampton Inn | G99: Hampton Inn | H99: Hampton Inn | I99: Hampton Inn | J99: Hampton Inn
A100: =C100&D100 -> CookCompany F | B100: =C100&" "&D100 -> Cook Company F | C100: Cook | D100: Company F | E100: Sunrise Senior Living | F100: Brighten Court Assisted Living | G100: Apple Tree Assisted Living | H100: Legacy Village of Provo | I100: The Belleview Senior Living | J100: Retreat at Sunny Vista
...

Sheet LU - Position Name Conversion

Sheet LU - Certifications
A1: Certification | B1: Seattle, WA | C1: Spokane, WA | D1: Salt Lake City, UT | E1: Provo, UT | F1: Denver, CO | G1: Colorado Springs, CO | K1: only include occupation specific if needed (cook)
A2: Server Cert 1 | B2: Food Handling, MAST | C2: Food Handling, MAST | D2: Food Handling, DABC Certified | E2: Food Handling, DABC Certified | F2: Food Handling, TIPS | G2: Food Handling, TIPS
A3: Server Cert 2 | B3: MAST Permit, Food Handler Certification | C3: MAST Permit, Food Handler Certification | D3: On-Premises Alcohol Servers Permit, Food Handler Certification | E3: On-Premises Alcohol Servers Permit, Food Handler Certification | F3: Training for Intervention Procedures (TIPS), Food Handler Certification | G3: Training for Intervention Procedures (TIPS), Food Handler Certification

Sheet LU - Schools
A1: School | B1: Seattle, WA | C1: Spokane, WA | D1: Salt Lake City, UT | E1: Provo, UT | F1: Denver, CO | G1: Colorado Springs, CO | K1: only include occupation specific if needed (cook)
A2: College A | B2: Bellevue College | C2: Spokane Community College | D2: Salt Lake Community College | E2: Utah Valley University | F2: Community College Of Denver | G2: Pikes Peak State College
A3: College B | B3: Highline Community College | C3: Spokane Falls Community College | D3: Utah Valley University | E3: Snow College | F3: Front Range Community College | G3: Pikes Peak Community College
A4: University A | B4: University of Washington | C4: Eastern Washington University | D4: University of Utah | E4: Brigham Young University | F4: University of Colorado | G4: University of Colorado
A5: University B | B5: Washington State University | C5: Washington State University | D5: Brigham Young University | E5: Utah Valley University | F5: Metropolitan State University | G5: Colorado State University
A7: College C | B7: Le Cordon Bleu | C7: Spokane Community College | D7: Salt Lake Community College | E7: Utah Valley University | F7: Auguste Escoffier School of Culinary Arts | G7: Pikes Peak Community College
A8: College D | B8: Highline Community College | C8: Spokane Community College | D8: Salt Lake Community College | E8: Snow College | F8: Front Range Community College | G8: Pikes Peak Community College
A9: College E | B9: Highline Community College | C9: Spokane Community College | D9: Fortis College | E9: Fortis College | F9: Concorde Career College | G9: Pikes Peak State College
A10: College F | B10: Clover Park Technical College | C10: Spokane Community College | D10: Salt Lake Community College | E10: Utah Valley University | F10: Art Institute of Colorado | G10: Pikes Peak Community College
A14: High School A | B14: Ingraham High School | C14: Lewis \& Clark High School | D14: Skyline High School | E14: Timpview High School | F14: East High School | G14: Cheyenne Mountain High School
A15: High School B | B15: Nathan Hale High School | C15: Gonzaga Preparatory School | D15: Olympus High School | E15: Utah County Academy of Sciences | F15: DSST: Byers High School | G15: The Vanguard School Senior High
A16: High School C | B16: The Center School | C16: West Valley High School | D16: Bingham High School | E16: Provo High School | F16: Jefferson Academy High School | G16: Colorado Early Colleges Colorado Springs
A17: High School D | B17: Summit Public School: Sierra | C17: Spokane Valley High School | D17: Riverton High School | E17: Freedom Preparatory Academy | F17: Standley Lake High School | G17: Civa Charter Academy
... A19: High School F | B19: Foster High School | C19: Mica Peak High School | D19: Mana Academy Charter School | E19: Summit High School | F19: SOAR Academy | G19: Mitchell High School
A24: 2023 Best Public High Schools in the Colorado Springs Area - Niche

Sheet LU - Names
A1: ID | B1: Location | C1: Name_Input | D1: Name | E1: Email | F1: Indeed_Password | G1: Phone_Number
A2: =B2&C2 -> Seattle, WAFemale Name 1 | B2: Seattle, WA | C2: Female Name 1 | D2: Lindsay Campbell | E2: lindsay.a.campbell@outlook.com | F2: seeking a job | G2: 1-206-249-7320
A3: =B3&C3 -> Seattle, WAFemale Name 2 | B3: Seattle, WA | C3: Female Name 2 | D3: Jasmine Phillips | E3: jasmine.m.phillips@outlook.com | F3: looking for a job | G3: 1-206-809-1527
A4: =B4&C4 -> Seattle, WAMale Name 1 | B4: Seattle, WA | C4: Male Name 1 | D4: Marcus Thomas | E4: marcus.h.thomas@outlook.com | F4: 2023 job searcher | G4: 1-206-249-7320
A5: =B5&C5 -> Seattle, WAMale Name 2 | B5: Seattle, WA | C5: Male Name 2 | D5: Patrick Lewis | E5: patrick.d.lewis@outlook.com | F5: 23_syp_ras | G5: 1-206-809-1527
A6: =B6&C6 -> Spokane, WAFemale Name 1 | B6: Spokane, WA | C6: Female Name 1 | D6: Lindsay Campbell | E6: lindsay.a.campbell@outlook.com | F6: seeking a job | G6: 1-509-530-1976
A7: =B7&C7 -> Spokane, WAFemale Name 2 | B7: Spokane, WA | C7: Female Name 2 | D7: Jasmine Phillips | E7: jasmine.m.phillips@outlook.com | F7: looking for a job | G7: 1-509-288-4985
A8: =B8&C8 -> Spokane, WAMale Name 1 | B8: Spokane, WA | C8: Male Name 1 | D8: Marcus Thomas | E8: marcus.h.thomas@outlook.com | F8: 2023 job searcher | G8: 1-509-530-1976
A9: =B9&C9 -> Spokane, WAMale Name 2 | B9: Spokane, WA | C9: Male Name 2 | D9: Patrick Lewis | E9: patrick.d.lewis@outlook.com | F9: 23_syp_ras | G9: 1-509-288-4985
A10: =B10&C10 -> Salt Lake City, UTFemale Name 1 | B10: Salt Lake City, UT | C10: Female Name 1 | D10: Hannah Allen | E10: allen.l.hannah@outlook.com | F10: applications 2023 | G10: 1-801-895-2908
A11: =B11&C11 -> Salt Lake City, UTFemale Name 2 | B11: Salt Lake City, UT | C11: Female Name 2 | D11: Leah James | E11: leah.m.james@outlook.com | F11: job seeker | G11: 1-801-477-5491
A12: =B12&C12 -> Salt Lake City, UTMale Name 1 | B12: Salt Lake City, UT | C12: Male Name 1 | D12: Joel Morris | E12: morris.d.joel@outlook.com | F12: 23_ras_syp | G12: 1-801-895-2908
A13: =B13&C13 -> Salt Lake City, UTMale Name 2 | B13: Salt Lake City, UT | C13: Male Name 2 | D13: Jeremy Anderson | E13: jeremy.a.anderson@outlook.com | F13: 2023 applicant | G13: 1-801-477-5491
... A25: =B25&C25 -> Colorado Springs, COMale Name 2 | B25: Colorado Springs, CO | C25: Male Name 2 | D25: Adrian Nelson | E25: adrian.m.nelson@outlook.com | F25: job search | G25: 1-719-284-1090

Sheet LU - Emails
A1: Name | B1: Email
A2: Lindsay Campbell | B2: lindsay.a.campbell@outlook.com
A3: Jasmine Phillips | B3: jasmine.m.phillips@outlook.com
A4: Marcus Thomas | B4: marcus.h.thomas@outlook.com
A5: Patrick Lewis | B5: patrick.d.lewis@outlook.com
A6: Hannah Allen | B6: allen.l.hannah@outlook.com
A7: Leah James | B7: leah.m.james@outlook.com
A8: Joel Morris | B8: morris.d.joel@outlook.com
A9: Jeremy Anderson | B9: jeremy.a.anderson@outlook.com
A10: Marisa Watson | B10: watson.e.marisa@outlook.com
A11: Gina Collins | B11: collins.gina@outlook.com
A12: Parker Reed | B12: reed.parker@outlook.com
A13: Adrian Nelson | B13: adrian.m.nelson@outlook.com

Sheet LU - Phone Numbers
A1: ID | B1: Location | C1: Randomization | D1: Phone_Number
A2: =B2&"Phone Number "&C2 -> Seattle, WAPhone Number 1 | B2: Seattle, WA | C2: 1 | D2: 1-206-249-7320
A3: =B3&"Phone Number "&C3 -> Seattle, WAPhone Number 2 | B3: Seattle, WA | C3: 2 | D3: 1-206-809-1527
A4: =B4&"Phone Number "&C4 -> Spokane, WAPhone Number 1 | B4: Spokane, WA | C4: 1 | D4: 1-509-530-1976
A5: =B5&"Phone Number "&C5 -> Spokane, WAPhone Number 2 | B5: Spokane, WA | C5: 2 | D5: 1-509-288-4985
A6: =B6&"Phone Number "&C6 -> Salt Lake City, UTPhone Number 1 | B6: Salt Lake City, UT | C6: 1 | D6: 1-801-895-2908
A7: =B7&"Phone Number "&C7 -> Salt Lake City, UTPhone Number 2 | B7: Salt Lake City, UT | C7: 2 | D7: 1-801-477-5491
A8: =B8&"Phone Number "&C8 -> Provo, UTPhone Number 1 | B8: Provo, UT | C8: 1 | D8: 1-801-895-2908
A9: =B9&"Phone Number "&C9 -> Provo, UTPhone Number 2 | B9: Provo, UT | C9: 2 | D9: 1-801-477-5491
A10: =B10&"Phone Number "&C10 -> Denver, COPhone Number 1 | B10: Denver, CO | C10: 1 | D10: 1-720-316-7376
A11: =B11&"Phone Number "&C11 -> Denver, COPhone Number 2 | B11: Denver, CO | C11: 2 | D11: 1-720-738-0456
A12: =B12&"Phone Number "&C12 -> Colorado Springs, COPhone Number 1 | B12: Colorado Springs, CO | C12: 1 | D12: 1-719-445-1230
A13: =B13&"Phone Number "&C13 -> Colorado Springs, COPhone Number 2 | B13: Colorado Springs, CO | C13: 2 | D13: 1-719-284-1090

Sheet LU - Ad Hoc Baker Fix
A1: ID | B1: Position | C1: Description # | D1: Description
A2: =B2&C2 -> Courtesy ClerkEmployment_Description_11 | B2: Courtesy Clerk | C2: Employment_Description_11 | D2: Bring carts from outdoor cart corrals to indoor areas
A3: =B3&C3 -> Courtesy ClerkEmployment_Description_12 | B3: Courtesy Clerk | C3: Employment_Description_12 | D3: Maintain cleanliness including entryways, parking lot garback pick up, hourly bathroom checks
A4: =B4&C4 -> Courtesy ClerkEmployment_Description_13 | B4: Courtesy Clerk | C4: Employment_Description_13 | D4: Help customers carry groceries out to their vehicles
A5: =B5&C5 -> Courtesy ClerkEmployment_Description_14 | B5: Courtesy Clerk | C5: Employment_Description_14 | D5: n/a
A6: =B6&C6 -> Courtesy ClerkEmployment_Description_15 | B6: Courtesy Clerk | C6: Employment_Description_15 | D6: n/a
A7: =B7&C7 -> Courtesy ClerkEmployment_Description_21 | B7: Courtesy Clerk | C7: Employment_Description_21 | D7: Bring carts from outdoor cart corrals to indoor areas
A8: =B8&C8 -> Courtesy ClerkEmployment_Description_22 | B8: Courtesy Clerk | C8: Employment_Description_22 | D8: Maintain cleanliness including entryways, parking lot garback pick up, hourly bathroom checks
A9: =B9&C9 -> Courtesy ClerkEmployment_Description_23 | B9: Courtesy Clerk | C9: Employment_Description_23 | D9: Help customers carry groceries out to their vehicles
A10: =B10&C10 -> Courtesy ClerkEmployment_Description_24 | B10: Courtesy Clerk | C10: Employment_Description_24 | D10: n/a
A11: =B11&C11 -> Courtesy ClerkEmployment_Description_25 | B11: Courtesy Clerk | C11: Employment_Description_25 | D11: n/a
A12: =B12&C12 -> Courtesy ClerkEmployment_Description_31 | B12: Courtesy Clerk | C12: Employment_Description_31 | D12: Bring carts from outdoor cart corrals to indoor areas
A13: =B13&C13 -> Courtesy ClerkEmployment_Description_32 | B13: Courtesy Clerk | C13: Employment_Description_32 | D13: Maintain cleanliness including entryways, parking lot garback pick up, hourly bathroom checks
... A42: =B42&C42 -> CaregiverEmployment_Description_45 | B42: Caregiver | C42: Employment_Description_45 | D42: n/a
